Date,Time,Open,High,Low,Close,Volume,Openint
2025-06-01,10:15:00,4.04391,4.04911,4.03121,4.03731,111694.824881
2025-06-01,10:30:00,4.03681,4.04121,4.028,4.03191,79739.372352
2025-06-01,10:45:00,4.03151,4.0385,4.0243,4.03001,30642.188448
2025-06-01,11:00:00,4.02721,4.03761,4.0209,4.0315,107583.131236
2025-06-01,11:15:00,4.0315,4.03521,4.0145,4.0149,123747.01836
2025-06-01,11:30:00,4.0132,4.0204,3.9996,4.0057,99169.656819
2025-06-01,11:45:00,4.0057,4.0067,3.9879,3.9885,106648.331569
2025-06-01,12:00:00,3.9854,3.9953,3.97319,3.9845,60382.70465857
2025-06-01,12:15:00,3.9847,4.0033,3.9843,3.993,44047.79286
2025-06-01,12:30:00,3.992,4.0086,3.987,4.0004,57839.215915
2025-06-01,12:45:00,4.0024,4.0084,3.9871,3.9873,58080.754759142
2025-06-01,13:00:00,3.9867,4.0019,3.9853,3.9954,30725.556876
2025-06-01,13:15:00,3.9949,4.0121,3.9919,4.0027,44971.945808
2025-06-01,13:30:00,4.005,4.0155,4.0006,4.0155,66605.6719964
2025-06-01,13:45:00,4.0155,4.02761,4.0118,4.02761,41523.972757
2025-06-01,14:00:00,4.02761,4.0363,4.0219,4.03331,48253.008444
2025-06-01,14:15:00,4.03221,4.03481,4.017,4.019,49795.475298808
2025-06-01,14:30:00,4.019,4.03331,4.0169,4.0222,51445.2846178
2025-06-01,14:45:00,4.0228,4.0229,3.9925,3.9969,161031.217463
2025-06-01,15:00:00,3.9969,4.0071,3.992,4.0023,78680.739922
2025-06-01,15:15:00,4.0014,4.0098,3.9962,4.0075,34097.1913222
2025-06-01,15:30:00,4.0085,4.02721,4.0085,4.02581,98960.385543
2025-06-01,15:45:00,4.0253,4.0292,4.0107,4.0176,60976.380008049
2025-06-01,16:00:00,4.0189,4.03021,4.017,4.0233,43796.215668
2025-06-01,16:15:00,4.0233,4.04391,4.0147,4.03921,39051.4327782
2025-06-01,16:30:00,4.03921,4.06161,4.0339,4.05821,87368.466069
2025-06-01,16:45:00,4.05961,4.06691,4.05341,4.05851,45698.118691
2025-06-01,17:00:00,4.05851,4.06221,4.04441,4.04711,25395.788432106
2025-06-01,17:15:00,4.04861,4.05202,4.03631,4.03731,23999.947172
2025-06-01,17:30:00,4.03961,4.05622,4.0349,4.05472,18422.2184852
2025-06-01,17:45:00,4.05472,4.05672,4.0444,4.0503,11161.121804
2025-06-01,18:00:00,4.0494,4.05282,4.04,4.04821,34826.6341069
2025-06-01,18:15:00,4.05132,4.05272,4.04841,4.04941,79002.329876
2025-06-01,18:30:00,4.04941,4.04981,4.04941,4.04981,59613.990227
2025-06-01,18:45:00,4.04981,4.04981,4.04941,4.04941,48098.308741
2025-06-01,19:00:00,4.04941,4.04981,4.04941,4.04981,37968.932932
2025-06-01,19:15:00,4.04981,4.04981,4.04941,4.04981,24134.4441558
2025-06-01,19:30:00,4.04981,4.04981,4.04941,4.04941,25173.30873917
2025-06-01,19:45:00,4.04941,4.05765,4.04941,4.05722,9209.63859
2025-06-01,20:00:00,4.05722,4.06522,4.05322,4.05722,42086.0416275
2025-06-01,20:15:00,4.05822,4.06262,4.0395,4.0419,70026.35266
2025-06-01,20:30:00,4.0414,4.0481,4.0233,4.0289,52416.0122615
2025-06-01,20:45:00,4.028,4.03151,4.0013,4.0013,122816.297104
2025-06-01,21:00:00,4.0053,4.0141,3.9948,4.0141,151700.8263882
2025-06-01,21:15:00,4.0234,4.03321,4.0179,4.03231,113210.815373
2025-06-01,21:30:00,4.03231,4.03581,4.0257,4.0346,61948.953641
2025-06-01,21:45:00,4.0343,4.03941,4.02831,4.0335,54786.78229815
2025-06-01,22:00:00,4.0329,4.0353,4.0264,4.0322,83449.35477902
2025-06-01,22:15:00,4.0318,4.04311,4.03131,4.03351,49420.68241
2025-06-01,22:30:00,4.03001,4.03711,4.0239,4.035,62553.49815941
2025-06-01,22:45:00,4.0388,4.0488,4.0343,4.0454,43006.32895768
2025-06-01,23:00:00,4.0447,4.05061,4.03501,4.03501,72351.236474693
2025-06-01,23:15:00,4.03501,4.03811,4.02791,4.03351,42203.52995111
2025-06-01,23:30:00,4.03241,4.05241,4.03131,4.05241,36526.2944628
2025-06-01,23:45:00,4.05241,4.06951,4.0487,4.05721,100200.107456
2025-06-01,23:59:00,4.05721,4.06131,4.05321,4.05791,118377.692279
2025-06-02,03:45:00,4.07281,4.07281,4.06441,4.06561,5811.4544428935
2025-06-02,04:00:00,4.06731,4.07371,4.05901,4.05901,15240.414769
2025-06-02,04:15:00,4.05941,4.07371,4.0503,4.05341,83440.455783
2025-06-02,04:30:00,4.05241,4.05331,4.0349,4.0406,51505.303358
2025-06-02,04:45:00,4.0426,4.05331,4.04141,4.0446,56139.698265
2025-06-02,05:00:00,4.0458,4.05321,4.024,4.0291,98608.512610025
2025-06-02,05:15:00,4.027,4.03171,4.0173,4.019,53227.842627137
2025-06-02,05:30:00,4.0163,4.0181,4.0034,4.0061,108642.85531834
2025-06-02,05:45:00,4.0088,4.0285,4.0068,4.0242,108883.445202
2025-06-02,06:00:00,4.02661,4.0329,4.0213,4.0213,63687.9384392
2025-06-02,06:15:00,4.0227,4.02631,4.0194,4.0218,33463.3165933
2025-06-02,06:30:00,4.0218,4.0375,4.0148,4.0307,31903.934866
2025-06-02,06:45:00,4.0346,4.04031,4.03291,4.03661,19783.393418
2025-06-02,07:00:00,4.03621,4.0371,4.0139,4.0139,76482.613952
2025-06-02,07:15:00,4.0144,4.0367,4.012,4.0277,57819.311643
2025-06-02,07:30:00,4.038,4.04071,4.0268,4.0294,19781.475634
2025-06-02,07:45:00,4.0294,4.03711,4.0187,4.0194,28550.822547
2025-06-02,08:00:00,4.0202,4.02641,4.0102,4.02641,39300.413296
2025-06-02,08:15:00,4.0254,4.0359,4.0219,4.0234,91663.062974
2025-06-02,08:30:00,4.0219,4.0277,4.0107,4.0165,56094.8165048
2025-06-02,08:45:00,4.0165,4.0362,4.0128,4.0362,653230.504774
2025-06-02,09:00:00,4.0362,4.03921,4.0239,4.03471,68103.586216
2025-06-02,09:15:00,4.03471,4.04351,4.0245,4.03891,63076.126347691
2025-06-02,09:30:00,4.03901,4.05091,4.03411,4.0377,227615.3915472
2025-06-02,09:45:00,4.0377,4.03871,4.0175,4.028,127920.469031
2025-06-02,10:00:00,4.0288,4.0288,4.0125,4.0162,50321.905034516
2025-06-02,10:15:00,4.0159,4.0213,4.0113,4.0136,41911.613668
2025-06-02,10:30:00,4.0136,4.0219,3.9975,4.0125,167305.23310352
2025-06-02,10:45:00,4.0115,4.02731,3.9974,3.9974,134564.787675
2025-06-02,11:00:00,3.9943,3.9943,3.9713,3.9753,88334.10210391
2025-06-02,11:15:00,3.9753,3.987,3.96029,3.961,167417.4956688
2025-06-02,11:30:00,3.961,3.97229,3.95619,3.97229,94997.502411687
2025-06-02,11:45:00,3.97239,3.9768,3.96339,3.969,71332.945818
2025-06-02,12:00:00,3.9699,3.9699,3.9579,3.96309,98564.223379
2025-06-02,12:15:00,3.9629,3.9764,3.954,3.97509,185853.971177
2025-06-02,12:30:00,3.9756,3.9843,3.967,3.97059,281953.01544839
2025-06-02,12:45:00,3.96849,3.97219,3.9547,3.9639,71518.49142827
2025-06-02,13:00:00,3.9646,3.9718,3.9604,3.9628,59274.753933999
2025-06-02,13:15:00,3.9637,3.9774,3.9608,3.9684,57637.1721331
2025-06-02,13:30:00,3.9685,3.9801,3.9636,3.9719,15502.7416937
2025-06-02,13:45:00,3.9739,3.9766,3.9659,3.9667,34686.73378
2025-06-02,14:00:00,3.9669,3.9728,3.9563,3.9685,64620.54305
2025-06-02,14:15:00,3.9685,3.9777,3.9685,3.9717,78370.7667688
2025-06-02,14:30:00,3.9749,3.9895,3.9666,3.9895,47264.167556
2025-06-02,14:45:00,3.9903,4.0174,3.9875,4.0106,89357.230495
2025-06-02,15:00:00,4.0106,4.016,3.9993,4.0133,47550.600641
2025-06-02,15:15:00,4.0149,4.0186,3.9973,4.0122,28157.41459
2025-06-02,15:30:00,4.0098,4.0255,4.0018,4.0194,67703.3673847
2025-06-02,15:45:00,4.0194,4.045,4.0194,4.0368,34495.595121
2025-06-02,16:00:00,4.0357,4.0366,4.0092,4.0092,35591.932993
2025-06-02,16:15:00,4.0107,4.0283,4.0027,4.0201,80137.626193
2025-06-02,16:30:00,4.0159,4.0568,4.0093,4.0538,116290.21806381
2025-06-02,16:45:00,4.0538,4.05421,4.0396,4.04103,91447.7615841
2025-06-02,17:00:00,4.03903,4.03903,4.0132,4.0167,77200.6284489
2025-06-02,17:15:00,4.0172,4.03041,4.0157,4.018,133832.243027
2025-06-02,17:30:00,4.018,4.04851,4.0129,4.04251,124869.560189
2025-06-02,17:45:00,4.04251,4.04961,4.0301,4.03251,74170.94483
2025-06-02,18:00:00,4.03251,4.0425,4.031,4.031,60980.538948728
2025-06-02,18:15:00,4.031,4.0438,4.031,4.0362,88689.3253969
2025-06-02,18:30:00,4.0353,4.0366,4.02611,4.03331,82741.470098
2025-06-02,18:45:00,4.03331,4.03331,4.0171,4.0254,71170.1718814
2025-06-02,19:00:00,4.0243,4.0345,4.0183,4.0265,68081.7073522
2025-06-02,19:15:00,4.0265,4.04771,4.0265,4.03841,71229.63408
2025-06-02,19:30:00,4.03841,4.0493,4.0244,4.0449,114478.8095288
2025-06-02,19:45:00,4.0429,4.0479,4.03201,4.03201,153940.945468
2025-06-02,20:00:00,4.03531,4.0417,4.0263,4.0407,46955.829189769
2025-06-02,20:15:00,4.0382,4.05131,4.0382,4.0498,59498.705173724
2025-06-02,20:30:00,4.049,4.06091,4.0376,4.05591,105260.507614
2025-06-02,20:45:00,4.05631,4.06121,4.04001,4.04111,64135.8410506
2025-06-02,21:00:00,4.04111,4.04431,4.03191,4.03841,11082.694951
2025-06-02,21:15:00,4.04131,4.05661,4.02891,4.03071,17604.529519
2025-06-02,21:30:00,4.03071,4.04221,4.0269,4.03621,13110.85460364
2025-06-02,21:45:00,4.03611,4.03831,4.0119,4.0181,47090.99506685
2025-06-02,22:00:00,4.0191,4.03761,4.0131,4.03681,18994.460121
2025-06-02,22:15:00,4.03721,4.05631,4.0229,4.05401,54934.058031
2025-06-02,22:30:00,4.05401,4.08002,4.05401,4.06561,92950.1494737
2025-06-02,22:45:00,4.06711,4.07911,4.06711,4.06841,56481.129172
2025-06-02,23:00:00,4.06951,4.07811,4.06651,4.06971,87509.664268
2025-06-02,23:15:00,4.06911,4.10981,4.06741,4.10591,178754.048008
2025-06-02,23:30:00,4.10791,4.11822,4.09261,4.09261,115962.651542
2025-06-02,23:45:00,4.09261,4.10952,4.09111,4.10112,155536.57676
2025-06-02,23:59:00,4.10342,4.12541,4.09591,4.12091,240844.18523
2025-06-03,00:15:00,4.12091,4.14601,4.12031,4.14391,165831.2764523
2025-06-03,00:30:00,4.14391,4.17073,4.14151,4.16893,203905.129649
2025-06-03,00:45:00,4.17123,4.17123,4.15333,4.15533,83952.328983
2025-06-03,01:00:00,4.15363,4.15423,4.14601,4.14831,47999.271004
2025-06-03,01:15:00,4.14831,4.15193,4.14203,4.14581,72395.536973
2025-06-03,01:30:00,4.14581,4.16043,4.14093,4.15713,102577.095571
2025-06-03,01:45:00,4.15443,4.15889,4.14843,4.15182,176081.19200366
2025-06-03,02:00:00,4.14951,4.16023,4.14343,4.14573,269138.6283949
2025-06-03,02:15:00,4.14573,4.15323,4.13901,4.15323,183418.7101413
2025-06-03,02:30:00,4.15323,4.18134,4.15323,4.17814,131958.984202
2025-06-03,02:45:00,4.17814,4.18154,4.16313,4.16563,59342.90898796
2025-06-03,03:00:00,4.16333,4.18372,4.16333,4.17904,74601.306258
2025-06-03,03:15:00,4.17944,4.19722,4.17282,4.19492,68137.33998743
2025-06-03,03:30:00,4.19302,4.19752,4.18034,4.19752,135336.507042
2025-06-03,03:45:00,4.19892,4.20122,4.19002,4.19434,71355.965365
2025-06-03,04:00:00,4.20694,4.22092,4.20552,4.20672,95690.661856
2025-06-03,04:15:00,4.20802,4.22387,4.20656,4.20866,140501.949335
2025-06-03,04:30:00,4.20866,4.21066,4.19256,4.19386,246471.162821
2025-06-03,04:45:00,4.19386,4.19896,4.18584,4.19728,229603.591255
2025-06-03,05:00:00,4.19818,4.19838,4.17102,4.17644,209752.42111
2025-06-03,05:15:00,4.17644,4.18275,4.15826,4.16316,275093.96613
2025-06-03,05:30:00,4.16356,4.17283,4.15623,4.17197,159564.032092
2025-06-03,05:45:00,4.17417,4.17417,4.14786,4.14786,101456.220592
2025-06-03,06:00:00,4.14786,4.16507,4.14736,4.16333,170165.466279
2025-06-03,06:15:00,4.16333,4.16333,4.13904,4.13904,91489.2553294
2025-06-03,06:30:00,4.13874,4.14094,4.13534,4.13634,205857.228845
2025-06-03,06:45:00,4.13924,4.14804,4.12644,4.13225,224625.92120651
2025-06-03,07:00:00,4.13375,4.14006,4.12484,4.13475,115665.311963
2025-06-03,07:15:00,4.13115,4.13996,4.12474,4.13996,169766.1203669
2025-06-03,07:30:00,4.14336,4.15206,4.14116,4.15206,78742.729627493
2025-06-03,07:45:00,4.15206,4.15545,4.14234,4.15285,85776.089554913
2025-06-03,08:00:00,4.15285,4.16805,4.15285,4.16055,172699.19509
2025-06-03,08:15:00,4.16055,4.17453,4.16055,4.16605,119953.335075
2025-06-03,08:30:00,4.16605,4.16995,4.16423,4.16585,83536.039497
2025-06-03,08:45:00,4.16485,4.17845,4.15943,4.16765,120632.064861
2025-06-03,09:00:00,4.16595,4.17984,4.16525,4.17473,111825.932179
2025-06-03,09:15:00,4.17473,4.18724,4.17443,4.18476,121291.436395
2025-06-03,09:30:00,4.18616,4.19096,4.16745,4.16885,203873.056242
2025-06-03,09:45:00,4.16885,4.17875,4.16713,4.17503,139820.792301
2025-06-03,10:00:00,4.17453,4.18215,4.16385,4.16575,80247.4166188
2025-06-03,10:15:00,4.16533,4.17575,4.15815,4.16715,107774.4927765
2025-06-03,10:30:00,4.16475,4.16755,4.14584,4.15535,109850.114789
2025-06-03,10:45:00,4.15535,4.15875,4.14023,4.14263,176446.742481
2025-06-03,11:00:00,4.14263,4.15223,4.13743,4.14874,149451.4680346
2025-06-03,11:15:00,4.14874,4.15923,4.14874,4.15485,60028.4166716
2025-06-03,11:30:00,4.15485,4.15663,4.14623,4.14663,47176.670387
2025-06-03,11:45:00,4.14613,4.16503,4.14133,4.16273,144869.5708441
2025-06-03,12:00:00,4.16033,4.16725,4.15813,4.16585,53572.941569
2025-06-03,12:15:00,4.16585,4.17475,4.16085,4.17133,78171.6543811
2025-06-03,12:30:00,4.17133,4.17905,4.17025,4.17185,45733.506078
2025-06-03,12:45:00,4.17393,4.17995,4.16833,4.17433,69916.5279817
2025-06-03,13:00:00,4.17433,4.17924,4.16993,4.16993,86100.746408
2025-06-03,13:15:00,4.17263,4.18214,4.17263,4.17624,35975.23039
2025-06-03,13:30:00,4.17714,4.17784,4.15985,4.16085,38436.912629
2025-06-03,13:45:00,4.15995,4.16305,4.15335,4.15495,37913.348831
2025-06-03,14:00:00,4.15485,4.16085,4.14984,4.14984,115416.13817
2025-06-03,14:15:00,4.15114,4.15465,4.14493,4.14494,160198.127607
2025-06-03,14:30:00,4.14554,4.16445,4.13933,4.14093,193459.520136
2025-06-03,14:45:00,4.14193,4.14893,4.13313,4.13543,193459.647055
2025-06-03,15:00:00,4.13543,4.14834,4.13403,4.14634,134999.734662
2025-06-03,15:15:00,4.14634,4.15683,4.13543,4.15375,213626.057565
2025-06-03,15:30:00,4.15375,4.17515,4.14834,4.16785,277640.341863
2025-06-03,15:45:00,4.16785,4.17665,4.13933,4.16975,215833.160185
2025-06-03,16:00:00,4.17065,4.17175,4.14484,4.15565,160968.679753
2025-06-03,16:15:00,4.15495,4.16555,4.14033,4.14464,128278.042572
2025-06-03,16:30:00,4.14564,4.17423,4.13883,4.17423,207229.256626
2025-06-03,16:45:00,4.17473,4.18225,4.16845,4.17934,148923.0261122
2025-06-03,17:00:00,4.17724,4.20154,4.17513,4.19588,361124.973913
2025-06-03,17:15:00,4.20038,4.20758,4.17565,4.17834,377511.326674
2025-06-03,17:30:00,4.17834,4.20122,4.17734,4.19794,431807.171275
2025-06-03,17:45:00,4.19644,4.20322,4.18497,4.18616,163388.089687
2025-06-03,18:00:00,4.18856,4.20038,4.18305,4.18866,187992.330866
2025-06-03,18:15:00,4.18866,4.18958,4.17445,4.17815,134976.323151
2025-06-03,18:30:00,4.17665,4.19636,4.17259,4.17439,62447.533904
2025-06-03,18:45:00,4.17529,4.1954,4.17459,4.1954,53669.801968
2025-06-03,19:00:00,4.1946,4.2016,4.17027,4.17327,62084.444657
2025-06-03,19:15:00,4.17327,4.1945,4.16948,4.18749,51180.373184
2025-06-03,19:30:00,4.19019,4.20608,4.18739,4.20328,27523.963728
2025-06-03,19:45:00,4.20328,4.20388,4.17939,4.17939,48497.2804275
2025-06-03,20:00:00,4.17939,4.195,4.17529,4.19478,51172.999466
2025-06-03,20:15:00,4.18829,4.1952,4.17719,4.18147,76911.859371
2025-06-03,20:30:00,4.18147,4.18299,4.16998,4.17559,70043.3399327
2025-06-03,20:45:00,4.17619,4.18769,4.17007,4.18659,15676.139082
2025-06-03,21:00:00,4.18938,4.18938,4.17519,4.18507,26757.604887
2025-06-03,21:15:00,4.18437,4.19138,4.18187,4.18988,27133.181006
2025-06-03,21:30:00,4.19148,4.20678,4.19138,4.20468,43144.59341895
2025-06-03,21:45:00,4.20328,4.20328,4.1927,4.1935,16727.279851992
2025-06-03,22:00:00,4.1946,4.1996,4.18817,4.1957,36486.836698
2025-06-03,22:15:00,4.1969,4.1987,4.18569,4.18979,59993.388136
2025-06-03,22:30:00,4.18979,4.18979,4.15916,4.16168,172586.352302
2025-06-03,22:45:00,4.16008,4.16388,4.12905,4.14906,179079.531417
2025-06-03,23:00:00,4.15116,4.16848,4.14986,4.15318,105374.7055959
2025-06-03,23:15:00,4.15248,4.16348,4.14526,4.16348,211608.813849
2025-06-03,23:30:00,4.16268,4.16388,4.12915,4.13215,205483.4393775
2025-06-03,23:45:00,4.13215,4.15117,4.13166,4.13745,102990.603622
2025-06-03,23:59:00,4.13595,4.14467,4.10135,4.10855,200809.770225
2025-06-04,00:15:00,4.11256,4.13325,4.11175,4.11976,225629.27833102
2025-06-04,00:30:00,4.13337,4.13797,4.12325,4.13345,71146.78551
2025-06-04,00:45:00,4.13345,4.14537,4.13035,4.14537,86959.997479
2025-06-04,01:00:00,4.14697,4.16006,4.14266,4.15508,56568.348243
2025-06-04,01:15:00,4.15518,4.16228,4.15416,4.15468,92222.897486728
2025-06-04,01:30:00,4.15326,4.16086,4.14736,4.14736,107303.81923
2025-06-04,01:45:00,4.14736,4.15047,4.13617,4.13997,56428.76398
2025-06-04,02:00:00,4.14057,4.14706,4.13637,4.14696,40694.347219485
2025-06-04,02:15:00,4.14746,4.15598,4.13525,4.15356,84501.2059256
2025-06-04,02:30:00,4.15046,4.15968,4.14096,4.15658,131973.7625707
2025-06-04,02:45:00,4.15448,4.15658,4.13447,4.13447,119433.244005
2025-06-04,03:00:00,4.13345,4.15858,4.12615,4.15396,129078.372194
2025-06-04,03:15:00,4.15578,4.2022,4.15518,4.20008,417264.026586
2025-06-04,03:30:00,4.2011,4.208,4.19188,4.20228,95397.491176
2025-06-04,03:45:00,4.20228,4.20848,4.18487,4.19088,51572.707304
2025-06-04,04:00:00,4.18469,4.1979,4.18239,4.18717,28601.296262
2025-06-04,04:15:00,4.18547,4.2016,4.17917,4.19998,146510.977949
2025-06-04,04:30:00,4.19998,4.20528,4.18429,4.1964,74461.4423201
2025-06-04,04:45:00,4.1946,4.19558,4.18297,4.18659,99706.486807
2025-06-04,05:00:00,4.18739,4.18759,4.17249,4.18047,58397.93077136
2025-06-04,05:15:00,4.17867,4.1929,4.17148,4.18339,114342.191031
2025-06-04,05:30:00,4.18729,4.20488,4.18437,4.20348,151982.342817
2025-06-04,05:45:00,4.20308,4.20598,4.1965,4.2,115305.150148
2025-06-04,06:00:00,4.2,4.2075,4.19119,4.1966,213012.6302901
2025-06-04,06:15:00,4.1966,4.2016,4.19078,4.1987,123583.6384643
2025-06-04,06:30:00,4.20008,4.20408,4.19368,4.20108,159976.486607
2025-06-04,06:45:00,4.20108,4.2045,4.19698,4.19848,138232.43803193
2025-06-04,07:00:00,4.2006,4.20728,4.1952,4.20518,96833.704155
2025-06-04,07:15:00,4.20798,4.21511,4.19898,4.21501,137702.4704762
2025-06-04,07:30:00,4.21501,4.21501,4.19638,4.2046,84721.7679104
2025-06-04,07:45:00,4.18859,4.2059,4.18187,4.18929,85621.7158783
2025-06-04,08:00:00,4.18929,4.1983,4.18779,4.1951,107201.531406
2025-06-04,08:15:00,4.1949,4.19828,4.18459,4.19648,45456.9615887
2025-06-04,08:30:00,4.19598,4.19598,4.17669,4.17959,109034.832476
2025-06-04,08:45:00,4.18919,4.19468,4.17769,4.19298,71199.833998018
2025-06-04,09:00:00,4.1934,4.2096,4.1926,4.2096,130866.541647
2025-06-04,09:15:00,4.2085,4.20938,4.19488,4.2045,116206.81969902
2025-06-04,09:30:00,4.2033,4.2033,4.17921,4.17931,92011.625263
2025-06-04,09:45:00,4.17931,4.18649,4.17549,4.1759,93042.3782203
2025-06-04,10:00:00,4.1759,4.18549,4.17469,4.17669,62394.7464968
2025-06-04,10:15:00,4.17669,4.1942,4.1764,4.1942,53148.653404
2025-06-04,10:30:00,4.1931,4.20502,4.18809,4.20142,94348.275382
2025-06-04,10:45:00,4.20142,4.20642,4.19582,4.19892,51020.763251
2025-06-04,11:00:00,4.19992,4.2025,4.17889,4.18581,190194.330052
2025-06-04,11:15:00,4.18591,4.18821,4.1711,4.17941,154333.690114
2025-06-04,11:30:00,4.17941,4.18121,4.1628,4.1648,116914.5162321
2025-06-04,11:45:00,4.1632,4.1727,4.16048,4.16048,69091.789838
2025-06-04,12:00:00,4.1609,4.18389,4.15809,4.17659,47380.566608
2025-06-04,12:15:00,4.17749,4.18201,4.16598,4.17739,249073.7453342
2025-06-04,12:30:00,4.17639,4.18729,4.171,4.171,138867.002815
2025-06-04,12:45:00,4.171,4.1741,4.15958,4.15958,181368.237327
2025-06-04,13:00:00,4.16088,4.1654,4.14767,4.14947,106330.80618223
2025-06-04,13:15:00,4.14837,4.15368,4.14397,4.14889,114871.7821322
2025-06-04,13:30:00,4.14889,4.16008,4.14028,4.14108,106865.98066869
2025-06-04,13:45:00,4.14038,4.14088,4.13028,4.13327,150093.0234974
2025-06-04,14:00:00,4.13847,4.14388,4.13237,4.13358,205023.864766
2025-06-04,14:15:00,4.13228,4.13908,4.12507,4.13347,145470.98220962
2025-06-04,14:30:00,4.13477,4.13928,4.10176,4.10726,568841.126298
2025-06-04,14:45:00,4.10355,4.11145,4.07344,4.09295,1487246.49756
2025-06-04,15:00:00,4.09315,4.09486,4.07484,4.08075,702107.43354631
2025-06-04,15:15:00,4.08075,4.08385,4.06284,4.06284,250799.01811665
2025-06-04,15:30:00,4.06244,4.08295,4.06204,4.07644,192631.301046
2025-06-04,15:45:00,4.07384,4.09586,4.05863,4.09295,652321.59155359
2025-06-04,16:00:00,4.09295,4.09556,4.06974,4.07484,130553.793249
2025-06-04,16:15:00,4.07614,4.07614,4.04322,4.05283,329498.612139
2025-06-04,16:30:00,4.05453,4.06293,4.05152,4.05273,141037.4859015
2025-06-04,16:45:00,4.05313,4.06654,4.04992,4.05403,76742.514819
2025-06-04,17:00:00,4.05663,4.08464,4.05213,4.07944,192349.029162
2025-06-04,17:15:00,4.08044,4.09117,4.07784,4.08774,108211.884831
2025-06-04,17:30:00,4.08774,4.10845,4.08004,4.10845,216297.522984
2025-06-04,17:45:00,4.10845,4.11997,4.10135,4.11856,180603.015932
2025-06-04,18:00:00,4.11687,4.12137,4.10745,4.11076,109999.378817
2025-06-04,18:15:00,4.11076,4.11717,4.09044,4.09245,118406.537795
2025-06-04,18:30:00,4.09235,4.10006,4.08575,4.10006,85709.102791
2025-06-04,18:45:00,4.09876,4.09886,4.08534,4.09475,58884.516911
2025-06-04,19:00:00,4.09445,4.10296,4.08944,4.10255,231528.18183312
2025-06-04,19:15:00,4.10255,4.10255,4.07264,4.07384,135879.2216679
2025-06-04,19:30:00,4.07384,4.07664,4.06453,4.06714,123225.948711
2025-06-04,19:45:00,4.06714,4.06794,4.03492,4.03712,192879.855817
2025-06-04,20:00:00,4.03892,4.05213,4.03892,4.04553,41914.384532379
2025-06-04,20:15:00,4.04362,4.06124,4.04362,4.05863,83966.14921
2025-06-04,20:30:00,4.05863,4.06553,4.04912,4.06553,62309.49189207
2025-06-04,20:45:00,4.06313,4.07644,4.06233,4.07364,97796.7540613
2025-06-04,21:00:00,4.07144,4.07835,4.06084,4.07494,68203.9770568
2025-06-04,21:15:00,4.07114,4.07114,4.05443,4.06484,72424.678277
2025-06-04,21:30:00,4.06164,4.06804,4.05293,4.06794,40562.994054
2025-06-04,21:45:00,4.07084,4.07094,4.05453,4.05553,41527.837837
2025-06-04,22:00:00,4.05593,4.06714,4.05003,4.05003,58763.076573
2025-06-04,22:15:00,4.04962,4.05213,4.02631,4.03362,164356.9419171
2025-06-04,22:30:00,4.03642,4.03642,3.9942,4.0075,256473.46983
2025-06-04,22:45:00,4.0082,4.02581,4.0082,4.01801,88427.9902359
2025-06-04,23:00:00,4.01801,4.02731,4.0097,4.01251,240613.60684476
2025-06-04,23:15:00,4.01251,4.01251,3.98759,4.0006,208641.096352
2025-06-04,23:30:00,4.0006,4.01811,3.99379,4.0004,200110.694694
2025-06-04,23:45:00,4.0004,4.03362,3.9994,4.03362,173822.336517
2025-06-04,23:59:00,4.03362,4.04542,4.02241,4.04402,173268.41819
2025-06-05,00:15:00,4.04412,4.04823,4.02981,4.02981,179576.67156
2025-06-05,00:30:00,4.02981,4.04573,4.02771,4.03472,18043.379126
2025-06-05,00:45:00,4.03242,4.04012,4.02051,4.03342,86090.149869
2025-06-05,01:00:00,4.03342,4.04623,4.03102,4.03662,125355.52273986
2025-06-05,01:15:00,4.03662,4.03712,4.02651,4.02872,111815.229919
2025-06-05,01:30:00,4.02862,4.03602,4.01401,4.01451,207190.669962
2025-06-05,01:45:00,4.01491,4.02051,4.0082,4.0106,76001.902222
2025-06-05,02:00:00,4.0101,4.02581,4.0101,4.02051,144364.213747
2025-06-05,02:15:00,4.02051,4.02251,4.0041,4.01251,110828.0513865
2025-06-05,02:30:00,4.01281,4.01831,3.9998,4.0099,128738.072695
2025-06-05,02:45:00,4.0072,4.03272,4.0026,4.02851,87169.41276
2025-06-05,03:00:00,4.02951,4.03272,4.01951,4.02221,71341.035668
2025-06-05,03:15:00,4.02241,4.04272,4.01791,4.03742,62869.997398
2025-06-05,03:30:00,4.03862,4.04503,4.02121,4.03472,86405.7263556
2025-06-05,03:45:00,4.03151,4.03262,4.01741,4.01901,59935.81022174
2025-06-05,04:00:00,4.01971,4.02081,4.0113,4.01431,167144.568533
2025-06-05,04:15:00,4.01321,4.03762,4.0091,4.02521,93785.8866153
2025-06-05,04:30:00,4.02661,4.04132,4.02601,4.03252,132040.769367
2025-06-05,04:45:00,4.03282,4.04622,4.02311,4.04462,189731.279993
2025-06-05,05:00:00,4.04503,4.04883,4.03072,4.03922,103695.71300501
2025-06-05,05:15:00,4.04022,4.04022,4.02011,4.02921,183621.510536
2025-06-05,05:30:00,4.02761,4.03652,4.01911,4.03141,81009.115654
2025-06-05,05:45:00,4.03422,4.03652,4.02701,4.02961,73880.529564
2025-06-05,06:00:00,4.02971,4.03962,4.02511,4.03922,108875.031491
2025-06-05,06:15:00,4.03882,4.04172,4.03192,4.03712,47434.530405547
2025-06-05,06:30:00,4.03712,4.05313,4.03181,4.05313,96140.834875
2025-06-05,06:45:00,4.05233,4.05333,4.04453,4.05083,49847.31977
2025-06-05,07:00:00,4.05193,4.05753,4.04772,4.05243,41282.08907391
2025-06-05,07:15:00,4.05223,4.06073,4.05223,4.05613,94738.0868161
2025-06-05,07:30:00,4.05613,4.05983,4.04293,4.04643,193129.080766
2025-06-05,07:45:00,4.04643,4.04783,4.02021,4.02812,114320.604681
2025-06-05,08:00:00,4.02812,4.03122,4.01851,4.02752,93827.6794019
2025-06-05,08:15:00,4.02752,4.03602,4.02031,4.03462,138247.538355
2025-06-05,08:30:00,4.03632,4.04053,4.02722,4.03032,121273.55778302
2025-06-05,08:45:00,4.04202,4.04333,4.02321,4.02532,214406.50616
2025-06-05,09:00:00,4.02812,4.02812,4.01321,4.01461,109877.13772241
2025-06-05,09:15:00,4.01461,4.02131,4.01151,4.01611,82453.754698
2025-06-05,09:30:00,4.01811,4.05453,4.01631,4.05213,169413.951831
2025-06-05,09:45:00,4.05213,4.05563,4.02892,4.04012,121090.376722
2025-06-05,10:00:00,4.03973,4.03973,4.02742,4.02782,135393.731685
2025-06-05,10:15:00,4.02892,4.04202,4.02451,4.04202,55906.100673
2025-06-05,10:30:00,4.04013,4.04013,4.01911,4.02861,127443.2060518
2025-06-05,10:45:00,4.02831,4.03933,4.02642,4.03682,80131.337943
2025-06-05,11:00:00,4.03552,4.03552,4.0062,4.0084,140813.77003
2025-06-05,11:15:00,4.0084,4.03632,4.0047,4.03352,105514.5728876
2025-06-05,11:30:00,4.03352,4.03622,4.02221,4.03152,89943.497777
2025-06-05,11:45:00,4.03152,4.03152,4.01881,4.02291,79182.0499544
2025-06-05,12:00:00,4.02271,4.03512,4.01651,4.02712,87091.837669
2025-06-05,12:15:00,4.02712,4.03302,4.02281,4.02291,83788.944321041
2025-06-05,12:30:00,4.02541,4.03662,4.01221,4.01241,103557.616294
2025-06-05,12:45:00,4.01241,4.01241,3.99029,3.99459,262214.329828
2025-06-05,13:00:00,3.99459,4.0082,3.9921,4.0061,117078.281556
2025-06-05,13:15:00,4.0061,4.01461,4.0044,4.0083,78734.286058865
2025-06-05,13:30:00,4.0083,4.0099,3.9969,4.0048,105078.768214
2025-06-05,13:45:00,4.0048,4.01531,4.0036,4.0116,92885.465601
2025-06-05,14:00:00,4.0114,4.01451,4.0042,4.01451,81592.118158
2025-06-05,14:15:00,4.01451,4.01621,3.9981,4.01461,172153.920738
2025-06-05,14:30:00,4.01351,4.05463,4.01351,4.05263,221471.136391
2025-06-05,14:45:00,4.05283,4.06404,4.04552,4.05343,240393.051861
2025-06-05,15:00:00,4.05343,4.07404,4.05102,4.06914,205324.07632814
2025-06-05,15:15:00,4.06914,4.07594,4.06163,4.07494,111267.724843
2025-06-05,15:30:00,4.07274,4.07845,4.06453,4.06723,117791.225804
2025-06-05,15:45:00,4.06733,4.07014,4.04202,4.04292,199646.540023
2025-06-05,16:00:00,4.04292,4.05333,3.9995,4.0005,246574.028284
2025-06-05,16:15:00,4.0005,4.01181,3.9949,4.0066,146407.470153
2025-06-05,16:30:00,4.0056,4.0089,3.96568,3.98849,282823.5283145
2025-06-05,16:45:00,3.99169,4.02181,3.98949,4.02181,246344.242019
2025-06-05,17:00:00,4.02191,4.04583,4.02061,4.02611,245529.169569
2025-06-05,17:15:00,4.02611,4.03372,4.01951,4.02791,69585.63362112
2025-06-05,17:30:00,4.02651,4.03141,4.01421,4.03092,175749.168639
2025-06-05,17:45:00,4.03092,4.03882,4.02992,4.03432,132897.665988
2025-06-05,18:00:00,4.03432,4.03442,4.02571,4.03372,65266.265274
2025-06-05,18:15:00,4.03372,4.03372,4.0074,4.01191,96285.656093
2025-06-05,18:30:00,4.01191,4.01191,3.96838,3.98149,218671.8521359
2025-06-05,18:45:00,3.98149,3.98449,3.97319,3.97779,129914.94735206
2025-06-05,19:00:00,3.98329,3.98939,3.96208,3.97008,196862.50487
2025-06-05,19:15:00,3.97048,3.9954,3.96858,3.9944,163331.332798
2025-06-05,19:30:00,3.9945,3.9977,3.98629,3.98629,102539.51758
2025-06-05,19:45:00,3.98539,3.9976,3.98149,3.98599,73379.839945
2025-06-05,20:00:00,3.98599,3.9968,3.97429,3.97449,97675.2685891
2025-06-05,20:15:00,3.97449,3.9951,3.95197,3.96088,132644.481718
2025-06-05,20:30:00,3.96088,3.97708,3.94668,3.97339,92430.051167
2025-06-05,20:45:00,3.97459,3.98979,3.97198,3.97388,64243.931872
2025-06-05,21:00:00,3.97298,3.98389,3.96338,3.97749,52973.212753
2025-06-05,21:15:00,3.97589,3.97698,3.94497,3.94497,82426.1488802
2025-06-05,21:30:00,3.94497,3.94687,3.8357,3.90445,1137670.654054
2025-06-05,21:45:00,3.90505,3.92896,3.90097,3.92316,289833.330175
2025-06-05,22:00:00,3.92316,3.92916,3.89505,3.90445,250331.771161
2025-06-05,22:15:00,3.90215,3.91557,3.87876,3.88116,223617.290833
2025-06-05,22:30:00,3.88116,3.88116,3.8056,3.85906,486268.488621
2025-06-05,22:45:00,3.85906,3.86553,3.77663,3.78033,436643.580965
2025-06-05,23:00:00,3.78033,3.82311,3.74597,3.75328,474168.912269
2025-06-05,23:15:00,3.75328,3.80604,3.74837,3.77673,365520.042344
2025-06-05,23:30:00,3.77639,3.7942,3.76678,3.77943,234566.050741
2025-06-05,23:45:00,3.78053,3.83332,3.76763,3.82425,376055.516
2025-06-05,23:59:00,3.82425,3.83165,3.79474,3.82755,434067.565404
2025-06-06,00:15:00,3.82441,3.83161,3.79074,3.7993,243051.460357
2025-06-06,00:30:00,3.7963,3.81601,3.79069,3.8101,210114.006405
2025-06-06,00:45:00,3.8101,3.82981,3.80654,3.82525,189594.105861
2025-06-06,01:00:00,3.82525,3.84394,3.82203,3.83542,191594.39551
2025-06-06,01:15:00,3.83542,3.84057,3.82151,3.83762,168372.113816
2025-06-06,01:30:00,3.83915,3.84798,3.82439,3.84257,273600.964851
2025-06-06,01:45:00,3.84167,3.84716,3.82251,3.82842,192311.52873014
2025-06-06,02:00:00,3.82842,3.83667,3.81651,3.83346,362302.5885326
2025-06-06,02:15:00,3.83346,3.83869,3.81631,3.82662,208042.711413
2025-06-06,02:30:00,3.82842,3.8341,3.80646,3.82918,183412.878577
2025-06-06,02:45:00,3.82918,3.85956,3.82678,3.85607,193547.413999
2025-06-06,03:00:00,3.85587,3.86227,3.84902,3.85843,224517.836839
2025-06-06,03:15:00,3.85813,3.86566,3.84878,3.85723,176344.5683106
2025-06-06,03:30:00,3.85653,3.86533,3.85009,3.8528,98370.830021
2025-06-06,03:45:00,3.85306,3.87327,3.85306,3.86633,99774.377578
2025-06-06,04:00:00,3.86583,3.87034,3.86153,3.86397,117756.876008
2025-06-06,04:15:00,3.86397,3.87544,3.85976,3.87447,172895.197719
2025-06-06,04:30:00,3.87289,3.87515,3.85091,3.85234,116034.799915
2025-06-06,04:45:00,3.85234,3.85427,3.85119,3.85311,40077.07181
2025-06-06,05:00:00,3.85311,3.85388,3.85119,3.85119,71221.42614412
2025-06-06,05:15:00,3.85119,3.85504,3.85119,3.85234,54467.463557
2025-06-06,05:30:00,3.85234,3.85427,3.85119,3.85157,39130.036589
2025-06-06,05:45:00,3.85157,3.85465,3.85119,3.85388,57012.119058
2025-06-06,06:00:00,3.85465,3.85465,3.85119,3.85157,82218.911591
2025-06-06,06:15:00,3.85157,3.92158,3.85157,3.90585,204262.441238
2025-06-06,06:30:00,3.90259,3.91603,3.89516,3.89516,186493.572711
2025-06-06,06:45:00,3.90374,3.92042,3.89544,3.91528,135796.672758
2025-06-06,07:00:00,3.91438,3.92466,3.91257,3.92242,148620.158279
2025-06-06,07:15:00,3.92332,3.92572,3.91817,3.92047,150029.468186
2025-06-06,07:30:00,3.92027,3.92346,3.90236,3.90685,90015.683212
2025-06-06,07:45:00,3.90685,3.91156,3.89845,3.90936,81403.394008
2025-06-06,08:00:00,3.90926,3.91747,3.90855,3.90925,97303.860627
2025-06-06,08:15:00,3.90925,3.90925,3.89256,3.90006,131263.526293
2025-06-06,08:30:00,3.90006,3.91816,3.89495,3.89616,136221.248836
2025-06-06,08:45:00,3.89616,3.90855,3.89014,3.90745,120398.25916601
2025-06-06,09:00:00,3.90555,3.90555,3.89556,3.90295,60620.555147
2025-06-06,09:15:00,3.90145,3.91286,3.90145,3.91186,49690.198865
2025-06-06,09:30:00,3.91286,3.91497,3.89766,3.90036,131488.236866
2025-06-06,09:45:00,3.90036,3.91175,3.88154,3.88154,143225.302519
2025-06-06,10:00:00,3.88204,3.89134,3.88115,3.88634,119974.776443
2025-06-06,10:15:00,3.88644,3.88984,3.87545,3.88664,149135.716661
2025-06-06,10:30:00,3.88664,3.89265,3.88315,3.89074,128865.822978
2025-06-06,10:45:00,3.89074,3.89436,3.87715,3.87825,98485.0921805
2025-06-06,11:00:00,3.87825,3.88994,3.87654,3.88254,63102.271572815
2025-06-06,11:15:00,3.88354,3.89166,3.87985,3.88895,95988.494593
2025-06-06,11:30:00,3.89516,3.90796,3.88775,3.90105,155392.58724278
2025-06-06,11:45:00,3.90015,3.90455,3.88695,3.88695,122967.19239397
2025-06-06,12:00:00,3.88545,3.89596,3.88475,3.88914,191304.4482445
2025-06-06,12:15:00,3.88864,3.89336,3.88305,3.89235,80888.181969
2025-06-06,12:30:00,3.89235,3.90975,3.89116,3.90325,113502.5972088
2025-06-06,12:45:00,3.90445,3.90755,3.88834,3.89114,58785.87904775
2025-06-06,13:00:00,3.89164,3.89835,3.88524,3.89566,87686.533983
2025-06-06,13:15:00,3.89566,3.90995,3.89216,3.90625,60969.291928
2025-06-06,13:30:00,3.90735,3.92046,3.90416,3.91966,121556.68496
2025-06-06,13:45:00,3.91746,3.92066,3.89936,3.90016,158152.84159956
2025-06-06,14:00:00,3.90146,3.91576,3.90146,3.91436,94247.177847289
2025-06-06,14:15:00,3.91466,3.92076,3.90885,3.91957,104065.836587
2025-06-06,14:30:00,3.91957,3.92297,3.91016,3.91507,108275.106679
2025-06-06,14:45:00,3.91507,3.95808,3.91406,3.93807,358726.738039
2025-06-06,15:00:00,3.93807,3.94627,3.92546,3.94037,111157.569281
2025-06-06,15:15:00,3.94027,3.94747,3.92906,3.94447,345736.715167
2025-06-06,15:30:00,3.94447,3.95768,3.94447,3.94897,117545.40258
2025-06-06,15:45:00,3.94847,3.97138,3.94447,3.97108,112213.372879
2025-06-06,16:00:00,3.96878,3.97949,3.96058,3.96058,175930.774543
2025-06-06,16:15:00,3.96238,3.96548,3.95466,3.96036,97593.464131
2025-06-06,16:30:00,3.96036,3.97715,3.95358,3.96139,41782.2008222
2025-06-06,16:45:00,3.96219,3.97397,3.95479,3.96244,174338.046554
2025-06-06,17:00:00,3.97586,3.97746,3.95888,3.96157,113242.98870004
2025-06-06,17:15:00,3.96428,3.98478,3.96428,3.97566,132131.057649
2025-06-06,17:30:00,3.97566,3.99429,3.97279,3.97897,128991.885462
2025-06-06,17:45:00,3.97977,3.98148,3.96424,3.96556,153801.452127
2025-06-06,18:00:00,3.96376,3.97227,3.95717,3.97018,118468.8218687
2025-06-06,18:15:00,3.97108,3.97857,3.96748,3.97457,81121.0903341
2025-06-06,18:30:00,3.97457,3.98219,3.96737,3.97898,97919.090442
2025-06-06,18:45:00,3.97898,3.98348,3.95787,3.96074,126967.909862
2025-06-06,19:00:00,3.97366,3.97366,3.94456,3.95263,248918.52063
2025-06-06,19:15:00,3.95263,3.95515,3.94143,3.94415,61982.519094
2025-06-06,19:30:00,3.94475,3.95224,3.93224,3.93224,125132.963737
2025-06-06,19:45:00,3.93224,3.94355,3.9246,3.9288,106080.109819
2025-06-06,20:00:00,3.9265,3.93559,3.92069,3.9253,168029.052735
2025-06-06,20:15:00,3.9259,3.94532,3.9243,3.93877,115002.268475
2025-06-06,20:30:00,3.93461,3.93461,3.91365,3.91372,247569.826079
2025-06-06,20:45:00,3.91372,3.91372,3.89625,3.90435,138654.94495
2025-06-06,21:00:00,3.90435,3.91236,3.89685,3.90664,92721.033653
2025-06-06,21:15:00,3.90734,3.90734,3.89014,3.89074,128709.370492
2025-06-06,21:30:00,3.88754,3.90654,3.88754,3.89123,75869.638138
2025-06-06,21:45:00,3.88993,3.89574,3.88293,3.88714,78526.747317
2025-06-06,22:00:00,3.88753,3.90065,3.88624,3.88763,82800.932084
2025-06-06,22:15:00,3.88763,3.90045,3.88653,3.89995,73253.174286
2025-06-06,22:30:00,3.89995,3.91085,3.89525,3.90565,120024.822679
2025-06-06,22:45:00,3.90375,3.91396,3.89755,3.91155,29792.645985
2025-06-06,23:00:00,3.91155,3.91155,3.89674,3.89874,36549.640475
2025-06-06,23:15:00,3.89944,3.90223,3.88493,3.89122,49415.7277182
2025-06-06,23:30:00,3.88942,3.89412,3.88432,3.89002,36024.85183708
2025-06-06,23:45:00,3.89012,3.90953,3.88982,3.90874,71876.418221
2025-06-06,23:59:00,3.90774,3.91395,3.90444,3.90694,40186.2218813
2025-06-07,00:15:00,3.91275,3.91395,3.89082,3.89122,146792.166006
2025-06-07,00:30:00,3.89122,3.89824,3.89092,3.89353,83377.96664703
2025-06-07,00:45:00,3.89332,3.90163,3.89112,3.89924,155076.582506
2025-06-07,01:00:00,3.89624,3.89963,3.89083,3.89322,74324.517112
2025-06-07,01:15:00,3.88903,3.90093,3.88763,3.88763,99616.257516
2025-06-07,01:30:00,3.88593,3.88593,3.87793,3.88142,123674.641199
2025-06-07,01:45:00,3.88081,3.89412,3.88081,3.89372,121881.23193075
2025-06-07,02:00:00,3.89412,3.89583,3.88592,3.89422,67690.102289076
2025-06-07,02:15:00,3.89352,3.89863,3.88283,3.88322,55192.0499558
2025-06-07,02:30:00,3.88232,3.89052,3.87052,3.88412,165024.112175
2025-06-07,02:45:00,3.88493,3.90883,3.88422,3.90853,98359.503979
2025-06-07,03:00:00,3.90883,3.92385,3.90733,3.92245,83761.20075456
2025-06-07,03:15:00,3.92475,3.93844,3.92155,3.93536,121552.6804748
2025-06-07,03:30:00,3.93276,3.93914,3.92623,3.93594,56084.3747641
2025-06-07,03:45:00,3.93594,3.93734,3.91462,3.91462,147107.963292
2025-06-07,04:00:00,3.91462,3.92803,3.91325,3.92563,129393.58859711
2025-06-07,04:15:00,3.92663,3.93206,3.91885,3.93206,43209.010463
2025-06-07,04:30:00,3.92255,3.93776,3.91995,3.93466,103853.648332
2025-06-07,04:45:00,3.93656,3.94715,3.93514,3.93984,107252.0922942
2025-06-07,05:00:00,3.93994,3.95177,3.93796,3.95067,80856.3587482
2025-06-07,05:15:00,3.95067,3.97478,3.95067,3.96898,120567.380948
2025-06-07,05:30:00,3.96968,3.97948,3.96848,3.97298,85549.2988194
2025-06-07,05:45:00,3.97088,3.98229,3.96948,3.97478,79626.256816
2025-06-07,06:00:00,3.97668,3.98288,3.97407,3.97988,51018.274115
2025-06-07,06:15:00,3.97788,3.98218,3.97287,3.97507,125624.73173813
2025-06-07,06:30:00,3.97497,3.98118,3.97097,3.97377,51530.929209752
2025-06-07,06:45:00,3.97187,3.97778,3.96306,3.96457,47819.60961898
2025-06-07,07:00:00,3.96257,3.97638,3.95977,3.97238,72309.267629
2025-06-07,07:15:00,3.97318,3.97798,3.96917,3.97038,145501.089514
2025-06-07,07:30:00,3.97038,3.98198,3.96557,3.98088,206010.838847
2025-06-07,07:45:00,3.98088,3.9975,3.97928,3.99309,214663.8576692
2025-06-07,08:00:00,3.99309,4.0052,3.99289,4.0043,222727.5650668
2025-06-07,08:15:00,4.0043,4.01171,4.0029,4.0043,147559.60453
2025-06-07,08:30:00,4.0042,4.01161,3.999,4.01101,328873.347599
2025-06-07,08:45:00,4.01101,4.01221,3.99409,4.0004,337812.172961
2025-06-07,09:00:00,4.0004,4.02932,4.0002,4.02872,151622.542546
2025-06-07,09:15:00,4.02812,4.02942,4.01221,4.01231,49986.093929086
2025-06-07,09:30:00,4.01531,4.02752,4.01061,4.02241,27955.50321074
2025-06-07,09:45:00,4.02141,4.03322,4.02141,4.02532,71364.897214
2025-06-07,10:00:00,4.02532,4.03663,4.01981,4.02922,41306.599022
2025-06-07,10:15:00,4.02922,4.03903,4.02652,4.03813,81193.596199
2025-06-07,10:30:00,4.03813,4.03913,4.02222,4.02482,73919.374078
2025-06-07,10:45:00,4.02632,4.02972,4.01941,4.02141,18483.0661379
2025-06-07,11:00:00,4.02051,4.02332,4.01021,4.01441,37443.9046524
2025-06-07,11:15:00,4.01441,4.01871,4.0081,4.01231,66712.7883761
2025-06-07,11:30:00,4.01301,4.02382,4.00981,4.01321,102501.146126
2025-06-07,11:45:00,4.01201,4.01211,3.99379,3.99379,114349.8190535
2025-06-07,12:00:00,3.99529,3.9972,3.99109,3.99489,117876.519845
2025-06-07,12:15:00,3.99489,4.0082,3.98939,4.004,205338.122973
2025-06-07,12:30:00,4.0018,4.02041,4.0018,4.02021,110732.89593204
2025-06-07,12:45:00,4.02021,4.02832,4.01651,4.01851,83663.9249
2025-06-07,13:00:00,4.01851,4.02622,4.01691,4.02622,28088.100607952
2025-06-07,13:45:00,4.03332,4.03782,4.03102,4.03432,50972.055214
2025-06-07,14:00:00,4.03522,4.03782,4.02422,4.02522,109982.440367
2025-06-07,14:15:00,4.02522,4.03242,4.01961,4.03172,52835.2449663
2025-06-07,14:30:00,4.03272,4.03433,4.02742,4.03422,133348.289758
2025-06-07,14:45:00,4.03142,4.04533,4.03022,4.04533,124696.5746332
2025-06-07,15:00:00,4.04533,4.05123,4.03953,4.03953,73027.376708
2025-06-07,15:15:00,4.03783,4.04454,4.03022,4.03322,147429.904347
2025-06-07,15:30:00,4.03322,4.05223,4.03272,4.04913,126192.46256555
2025-06-07,15:45:00,4.04913,4.04963,4.04093,4.04123,107183.07511
2025-06-07,16:00:00,4.03943,4.04663,4.03502,4.03963,55758.363061
2025-06-07,16:15:00,4.03963,4.04924,4.03603,4.03642,80844.4271207
2025-06-07,16:30:00,4.03923,4.04823,4.03923,4.04223,82356.043712
2025-06-07,16:45:00,4.04304,4.05153,4.03432,4.05134,57341.5951223
2025-06-07,17:00:00,4.05084,4.05505,4.04794,4.05405,63029.2532579
2025-06-07,17:15:00,4.05405,4.06215,4.05124,4.05744,106764.199131
2025-06-07,17:30:00,4.05744,4.06105,4.04293,4.06054,141293.97065417
2025-06-07,17:45:00,4.06054,4.06215,4.03193,4.04023,142482.02636985
2025-06-07,18:00:00,4.04023,4.04023,4.02982,4.03822,64167.660437
2025-06-07,18:15:00,4.03903,4.04923,4.03432,4.04743,58736.234447
2025-06-07,18:30:00,4.04343,4.04644,4.03752,4.03973,63766.036003
2025-06-07,18:45:00,4.03973,4.03973,4.01791,4.01841,133325.296582
2025-06-07,19:00:00,4.01841,4.02452,4.01711,4.01981,70747.103816977
2025-06-07,19:15:00,4.01971,4.02302,4.01591,4.01831,56783.169644
2025-06-07,19:30:00,4.02031,4.02692,4.02011,4.02351,48463.4112686
2025-06-07,19:45:00,4.02472,4.03012,4.01571,4.02091,55096.92312278
2025-06-07,20:00:00,4.02091,4.02091,4.0064,4.01221,58083.437053
2025-06-07,20:15:00,4.01281,4.02191,4.0093,4.02191,86817.75622
2025-06-07,20:30:00,4.02191,4.02912,4.01631,4.02072,43142.645067866
2025-06-07,20:45:00,4.02082,4.03442,4.01791,4.01891,48052.101361
2025-06-07,21:00:00,4.01891,4.02322,4.01241,4.01751,47387.663032
2025-06-07,21:15:00,4.02041,4.02472,4.01521,4.01821,56535.925186
2025-06-07,21:30:00,4.01821,4.02942,4.01761,4.02432,26874.4377295
2025-06-07,21:45:00,4.02432,4.03342,4.02331,4.02522,25981.5825657
2025-06-07,22:00:00,4.02492,4.02792,4.02031,4.02031,44081.470875693
2025-06-07,22:15:00,4.02071,4.02552,4.01631,4.01691,26248.0164746
2025-06-07,22:30:00,4.01821,4.02942,4.01821,4.02892,22200.630799827
2025-06-07,22:45:00,4.02862,4.02902,4.02492,4.02622,19691.539566
2025-06-07,23:00:00,4.02622,4.02982,4.02442,4.02442,21403.9284841
2025-06-07,23:15:00,4.02391,4.02862,4.02091,4.02632,42161.534293
2025-06-07,23:30:00,4.02752,4.03732,4.02632,4.03342,83220.74333
2025-06-07,23:45:00,4.03342,4.04514,4.03342,4.04213,104731.46923487
2025-06-07,23:59:00,4.04213,4.04863,4.04213,4.04863,58824.2108979
2025-06-08,00:15:00,4.04543,4.04644,4.03532,4.04203,78675.604216
2025-06-08,00:30:00,4.04123,4.04263,4.03122,4.03432,34754.275395
2025-06-08,00:45:00,4.03342,4.05505,4.03342,4.05424,92435.009530872
2025-06-08,01:00:00,4.05505,4.05505,4.04494,4.04683,43429.452574
2025-06-08,01:15:00,4.04653,4.05024,4.03102,4.04103,92712.629385
2025-06-08,01:30:00,4.04103,4.04213,4.02812,4.03112,74094.111219
2025-06-08,01:45:00,4.02972,4.03403,4.02612,4.02902,93282.4640945
2025-06-08,02:00:00,4.02902,4.03332,4.02612,4.02832,173295.889267
2025-06-08,02:15:00,4.02632,4.03613,4.02212,4.03443,152382.75347287
2025-06-08,02:30:00,4.03443,4.03443,4.02112,4.02241,67315.715740927
2025-06-08,02:45:00,4.02311,4.02962,4.02031,4.02522,44353.38052
2025-06-08,03:00:00,4.02532,4.03303,4.02141,4.02512,67097.7219812
2025-06-08,03:15:00,4.02411,4.02562,4.01621,4.02131,71649.653571
2025-06-08,03:30:00,4.02131,4.02131,4.01501,4.01971,50542.3600317
2025-06-08,03:45:00,4.01971,4.03272,4.01581,4.01851,106401.6942825
2025-06-08,04:00:00,4.01731,4.03623,4.01731,4.03513,113957.3213839
2025-06-08,04:15:00,4.03513,4.04253,4.02942,4.04003,84333.4712436
2025-06-08,04:30:00,4.04003,4.04223,4.02792,4.03742,36756.941893
2025-06-08,04:45:00,4.03773,4.04053,4.03102,4.03192,54954.3994128
2025-06-08,05:00:00,4.03342,4.04233,4.03232,4.04233,35180.725514
2025-06-08,05:15:00,4.04233,4.04233,4.02752,4.03012,52759.8069551
2025-06-08,05:30:00,4.03172,4.03172,4.02111,4.02241,50560.159405
2025-06-08,05:45:00,4.02271,4.03072,4.02201,4.02742,52177.62603934
2025-06-08,06:00:00,4.02642,4.02942,4.02041,4.02792,56022.532308
2025-06-08,06:15:00,4.02792,4.03223,4.02072,4.02312,72413.433114
2025-06-08,06:30:00,4.02322,4.02472,4.01931,4.01931,45202.734812
2025-06-08,06:45:00,4.01931,4.03772,4.01901,4.03642,103496.66231498
2025-06-08,07:00:00,4.03632,4.04063,4.03322,4.04003,73401.341137
2025-06-08,07:15:00,4.04183,4.05024,4.03792,4.04843,60559.3436088
2025-06-08,07:30:00,4.04793,4.04814,4.03322,4.03352,52083.4617675
2025-06-08,07:45:00,4.03352,4.04754,4.03302,4.04493,45799.9878414
2025-06-08,08:00:00,4.04493,4.04573,4.03092,4.03102,29401.99635778
2025-06-08,08:15:00,4.03572,4.03633,4.02642,4.03173,198645.86333
2025-06-08,08:30:00,4.03173,4.05565,4.03132,4.05415,112017.7419405
2025-06-08,08:45:00,4.05575,4.06155,4.04824,4.05575,73900.349938
2025-06-08,09:00:00,4.05484,4.05614,4.04633,4.05093,82129.219353
2025-06-08,09:15:00,4.05113,4.05184,4.04373,4.05184,80361.340041
2025-06-08,09:30:00,4.05184,4.05764,4.04404,4.04824,54145.207242
2025-06-08,09:45:00,4.04724,4.05214,4.03842,4.04213,73664.533345
2025-06-08,10:00:00,4.04353,4.04353,4.03072,4.03282,104682.4600649
2025-06-08,10:15:00,4.03282,4.03632,4.02321,4.02722,91541.182619627
2025-06-08,10:30:00,4.02752,4.03362,4.02282,4.02292,35877.98648804
2025-06-08,10:45:00,4.02272,4.03493,4.01891,4.02892,75722.694068
2025-06-08,11:00:00,4.03022,4.03382,4.01891,4.03002,72115.989058
2025-06-08,11:15:00,4.02722,4.03192,4.0035,4.0075,152759.6483886
2025-06-08,11:30:00,4.0071,4.0071,3.98138,3.98308,211636.118032
2025-06-08,11:45:00,3.98298,3.9991,3.98148,3.9973,110990.451554
2025-06-08,12:00:00,3.9973,4.0041,3.99289,4.0036,204885.94418498
2025-06-08,12:15:00,4.0037,4.0057,3.99259,3.9973,119855.358297
2025-06-08,12:30:00,3.99439,3.9987,3.98979,3.998,58495.414165
2025-06-08,12:45:00,3.9974,4.0013,3.98839,3.9974,62935.298859
2025-06-08,13:00:00,3.9982,4.01501,3.9982,4.0036,72482.955673
2025-06-08,13:15:00,4.005,4.02642,4.005,4.02332,129994.513595
2025-06-08,13:30:00,4.02332,4.03242,4.01951,4.02522,208969.1828705
2025-06-08,13:45:00,4.02522,4.04463,4.02522,4.04393,114502.03195
2025-06-08,14:00:00,4.04433,4.04953,4.04093,4.04833,104297.033239
2025-06-08,14:15:00,4.04693,4.05314,4.04443,4.05314,183567.528641
2025-06-08,14:30:00,4.05314,4.06005,4.04863,4.04863,177353.3759335
2025-06-08,14:45:00,4.04863,4.05074,4.03462,4.03663,93166.360652
2025-06-08,15:00:00,4.03543,4.04312,4.03192,4.03592,41100.549458
2025-06-08,15:15:00,4.03552,4.05133,4.03552,4.04613,92308.628737
2025-06-08,15:30:00,4.04573,4.05023,4.03792,4.04302,110443.747765
2025-06-08,15:45:00,4.03862,4.07795,4.03492,4.07795,135013.3822649
2025-06-08,16:00:00,4.07875,4.09627,4.07014,4.07345,272240.7966794
2025-06-08,16:15:00,4.07345,4.07515,4.05904,4.06214,98091.414256
2025-06-08,16:30:00,4.06434,4.08446,4.06033,4.07594,157455.44471196
2025-06-08,16:45:00,4.07714,4.08346,4.06454,4.08346,153641.112298
2025-06-08,17:00:00,4.08346,4.08836,4.07294,4.08346,57074.4749746
2025-06-08,17:15:00,4.08346,4.10197,4.08346,4.09416,42732.71994601
2025-06-08,17:30:00,4.09416,4.09716,4.08446,4.08785,37727.080014
2025-06-08,17:45:00,4.08625,4.09496,4.08165,4.09256,18607.1664347
2025-06-08,18:00:00,4.09215,4.09536,4.07835,4.07985,77948.56407154
2025-06-08,18:15:00,4.07915,4.09637,4.07335,4.09486,105412.442405
2025-06-08,18:30:00,4.09486,4.10997,4.09246,4.10486,123222.9220006
2025-06-08,18:45:00,4.10436,4.10716,4.09696,4.10137,83077.363497
2025-06-08,19:00:00,4.09996,4.10937,4.09596,4.10937,128326.582838
2025-06-08,19:15:00,4.10967,4.11487,4.09786,4.11107,115010.608061
2025-06-08,19:30:00,4.11127,4.11127,4.10076,4.10667,76367.673112
2025-06-08,19:45:00,4.10667,4.11028,4.09105,4.09105,135586.465272
2025-06-08,20:00:00,4.09105,4.09285,4.07875,4.08085,138420.142899
2025-06-08,20:15:00,4.07945,4.07945,4.06264,4.07424,229873.761832
2025-06-08,20:30:00,4.07564,4.08346,4.07074,4.07965,93542.317962
2025-06-08,20:45:00,4.07855,4.08566,4.07745,4.08186,374432.030743
2025-06-08,21:00:00,4.08186,4.09176,4.07855,4.08895,124749.3861269
2025-06-08,21:15:00,4.08955,4.09156,4.08335,4.08385,80861.872993468
2025-06-08,21:30:00,4.08385,4.08585,4.07654,4.07845,159199.187009
2025-06-08,21:45:00,4.07845,4.07845,4.07805,4.07845,11342.250686
2025-06-08,22:00:00,4.07845,4.07845,4.07805,4.07805,9471.689254
2025-06-08,22:15:00,4.07805,4.08666,4.07204,4.08085,86853.258967
2025-06-08,22:30:00,4.08085,4.08156,4.07535,4.07895,19183.216803
2025-06-08,23:15:00,4.06105,4.06214,4.05403,4.06214,72608.175219
2025-06-08,23:30:00,4.06214,4.06745,4.05993,4.06064,137605.282809
2025-06-08,23:45:00,4.06064,4.06564,4.06034,4.06514,80889.9220913
2025-06-08,23:59:00,4.06514,4.07294,4.05103,4.06124,37068.18589
2025-06-09,00:15:00,4.06494,4.07408,4.03782,4.03892,117347.115102
2025-06-09,00:30:00,4.03892,4.04723,4.03712,4.04112,67456.064638
2025-06-09,00:45:00,4.03922,4.04563,4.02892,4.03432,104485.359405
2025-06-09,01:00:00,4.03432,4.04123,4.02691,4.02892,113285.497415
2025-06-09,01:15:00,4.02842,4.03172,4.02411,4.02622,139222.55288
2025-06-09,01:30:00,4.02622,4.03332,4.02091,4.03332,46273.955189
2025-06-09,01:45:00,4.03142,4.03452,4.02041,4.02622,73174.141852
2025-06-09,02:00:00,4.02712,4.02822,4.02191,4.02471,42144.296716
2025-06-09,02:15:00,4.02471,4.02922,4.01501,4.02231,101153.73081
2025-06-09,02:30:00,4.02001,4.02892,4.01481,4.02061,85668.053345251
2025-06-09,02:45:00,4.01871,4.04263,4.01271,4.03112,126502.759367
2025-06-09,03:00:00,4.03162,4.03822,4.01751,4.01871,183667.26787
2025-06-09,03:15:00,4.02001,4.02511,4.01201,4.01281,95614.3172444
2025-06-09,03:30:00,4.01201,4.02462,4.0085,4.02462,48711.5294386
2025-06-09,03:45:00,4.02391,4.02512,4.01491,4.01861,32578.7733486
2025-06-09,04:00:00,4.01761,4.01901,4.0031,4.0031,63846.4566734
2025-06-09,04:15:00,4.0031,4.0073,3.9973,4.0021,44748.825537
2025-06-09,04:30:00,4.002,4.01791,4.002,4.01511,35260.854936
2025-06-09,04:45:00,4.01421,4.02231,4.0065,4.0083,51412.234702
2025-06-09,05:00:00,4.0072,4.0083,3.9949,3.9973,51260.4776575
2025-06-09,05:15:00,3.9981,4.007,3.98889,3.99109,84631.022785
2025-06-09,05:30:00,3.99159,3.9971,3.99089,3.99459,54027.16395856
2025-06-09,05:45:00,3.99319,4.008,3.98919,4.0002,59741.1830521
2025-06-09,06:00:00,3.9999,4.01131,3.9993,4.004,48592.535068
2025-06-09,06:15:00,4.004,4.01301,4.004,4.0069,25928.9301547
2025-06-09,06:30:00,4.01051,4.01351,4.0043,4.0051,70445.943390863
2025-06-09,06:45:00,4.0051,4.0055,3.9968,4.0025,71554.794773
2025-06-09,07:00:00,4.0025,4.0048,3.99279,3.9941,105940.9825671
2025-06-09,07:15:00,3.99289,3.99509,3.98479,3.99009,82760.061174
2025-06-09,07:30:00,3.98689,3.99389,3.98559,3.99349,57845.069887159
2025-06-09,07:45:00,3.99219,3.99329,3.98019,3.98098,128134.87482393
2025-06-09,08:00:00,3.98098,3.98379,3.97348,3.97658,92421.894783
2025-06-09,08:15:00,3.97658,3.98028,3.96587,3.96828,142498.534133
2025-06-09,08:30:00,3.96828,3.97979,3.96828,3.97818,92813.218609
2025-06-09,08:45:00,3.97918,3.98509,3.97608,3.98219,44857.458978444
2025-06-09,09:00:00,3.98219,3.99389,3.97919,3.98919,60177.99939791
2025-06-09,09:15:00,3.98919,3.998,3.98669,3.98769,82539.748173654
2025-06-09,09:30:00,3.98669,3.99449,3.98669,3.98699,83239.6126848
2025-06-09,09:45:00,3.98809,3.99379,3.98229,3.99379,68597.1509375
2025-06-09,10:00:00,3.995,4.0044,3.995,3.9999,138283.189418
2025-06-09,10:15:00,3.9986,3.9989,3.98539,3.98729,141351.480595
2025-06-09,10:30:00,3.98739,3.99379,3.98499,3.99379,68174.216842
2025-06-09,10:45:00,3.99379,3.99419,3.97698,3.98229,215913.399843
2025-06-09,11:00:00,3.98249,4.01291,3.98249,4.0067,91679.5311693
2025-06-09,11:15:00,4.0067,4.01501,4.0044,4.006,149128.123921
2025-06-09,11:30:00,4.01431,4.02021,4.0046,4.0082,81270.831505
2025-06-09,11:45:00,4.01211,4.04142,4.01211,4.03872,293412.283551
2025-06-09,12:00:00,4.03872,4.05744,4.03872,4.05103,290971.138201
2025-06-09,12:15:00,4.05103,4.05443,4.03702,4.04763,194896.054883
2025-06-09,12:30:00,4.04763,4.07795,4.04763,4.06614,393206.293016
2025-06-09,12:45:00,4.06614,4.07014,4.05403,4.05863,261584.041178
2025-06-09,13:00:00,4.05863,4.06534,4.05113,4.05213,64458.790805
2025-06-09,13:15:00,4.05223,4.05603,4.04593,4.04853,101437.92543
2025-06-09,13:30:00,4.05153,4.06704,4.05153,4.06053,118946.335857
2025-06-09,13:45:00,4.06194,4.07304,4.05873,4.07114,193547.432964
2025-06-09,14:00:00,4.07154,4.07374,4.05563,4.05563,143656.915991
2025-06-09,14:15:00,4.05563,4.05953,4.05253,4.05383,105451.9130773
2025-06-09,14:30:00,4.05273,4.05583,4.03252,4.03452,369960.160942
2025-06-09,14:45:00,4.03452,4.04301,4.02351,4.04301,335588.91502
2025-06-09,15:00:00,4.04301,4.05033,4.03331,4.03382,187232.117926
2025-06-09,15:15:00,4.03412,4.04614,4.01962,4.03261,420398.061148
2025-06-09,15:30:00,4.03582,4.03582,4.0142,4.02031,857671.644682
2025-06-09,15:45:00,4.02031,4.02372,3.98649,3.99679,521005.349361
2025-06-09,16:00:00,3.99579,3.99799,3.98409,3.98789,334657.46444
2025-06-09,16:15:00,3.98679,4.01301,3.98679,4.0019,171167.4790459
2025-06-09,16:30:00,4.0007,4.02332,4.0007,4.02332,219249.606506
2025-06-09,16:45:00,4.02041,4.02773,4.0153,4.0202,299486.752963
2025-06-09,17:00:00,4.0202,4.02672,4.006,4.01281,115547.314565
2025-06-09,17:15:00,4.01281,4.03473,4.0057,4.03102,116750.83124675
2025-06-09,17:30:00,4.03102,4.04033,4.02719,4.03071,128666.661885
2025-06-09,17:45:00,4.02921,4.04312,4.0241,4.0241,43483.637236
2025-06-09,18:00:00,4.02711,4.03671,4.02301,4.02462,56932.0870064
2025-06-09,18:15:00,4.02382,4.04594,4.02301,4.042,143565.8473134
2025-06-09,18:30:00,4.04564,4.05683,4.03773,4.05291,197643.63628
2025-06-09,18:45:00,4.05534,4.06927,4.04879,4.06746,202722.827157
2025-06-09,19:00:00,4.06584,4.06796,4.05161,4.05404,225219.9190853
2025-06-09,19:15:00,4.05114,4.07236,4.04441,4.07123,162029.27985441
2025-06-09,19:30:00,4.07123,4.07887,4.06425,4.07377,173133.161618
2025-06-09,19:45:00,4.07377,4.08107,4.06201,4.06693,220199.280912
2025-06-09,20:00:00,4.06743,4.07746,4.06286,4.07746,134189.112507
2025-06-09,20:15:00,4.07746,4.08607,4.06648,4.08607,174466.847729
2025-06-09,20:30:00,4.08558,4.08808,4.07629,4.08667,105843.768028
2025-06-09,20:45:00,4.08117,4.09927,4.08012,4.08898,224884.562155
2025-06-09,21:00:00,4.08898,4.08898,4.06291,4.06752,130528.4295063
2025-06-09,21:15:00,4.07042,4.08577,4.07042,4.07847,184489.018353
2025-06-09,21:30:00,4.07602,4.08005,4.07072,4.07795,94871.605146
2025-06-09,21:45:00,4.07985,4.08478,4.06317,4.06865,242211.9378655
2025-06-09,22:00:00,4.06581,4.07057,4.05197,4.06301,144681.790979
2025-06-09,22:15:00,4.06281,4.07757,4.05858,4.07757,87236.412135
2025-06-09,22:30:00,4.07757,4.08066,4.06715,4.06835,98161.884936
2025-06-09,22:45:00,4.06835,4.08523,4.06631,4.07992,132195.3005262
2025-06-09,23:00:00,4.08132,4.08788,4.07674,4.08478,109365.918938
2025-06-09,23:15:00,4.08408,4.12166,4.07902,4.11946,234349.429552
2025-06-09,23:30:00,4.11776,4.13921,4.11425,4.13582,397187.797159
2025-06-09,23:45:00,4.13582,4.14594,4.12434,4.13984,280213.924903
2025-06-09,23:59:00,4.13883,4.13883,4.11791,4.12743,205160.287533
2025-06-10,00:15:00,4.13549,4.15305,4.1326,4.1386,189452.778838
2025-06-10,00:30:00,4.1408,4.14596,4.13133,4.14106,187183.656713
2025-06-10,00:45:00,4.14106,4.15922,4.1357,4.14391,222567.723383
2025-06-10,01:00:00,4.14471,4.15363,4.13981,4.15147,129759.725617
2025-06-10,01:15:00,4.15147,4.15923,4.13755,4.14333,286500.68129795
2025-06-10,01:30:00,4.14333,4.14333,4.12984,4.14306,143611.8867514
2025-06-10,01:45:00,4.14396,4.14573,4.13384,4.14317,197684.1083623
2025-06-10,02:00:00,4.14589,4.16394,4.14589,4.16374,121222.2062613
2025-06-10,02:15:00,4.16254,4.16373,4.14691,4.15951,149631.653473
2025-06-10,02:30:00,4.15736,4.19175,4.15686,4.18914,211268.664418
2025-06-10,02:45:00,4.18914,4.19543,4.17887,4.18785,209246.204698
2025-06-10,03:00:00,4.18795,4.19005,4.17475,4.18474,186801.1956653
2025-06-10,03:15:00,4.18333,4.18546,4.1706,4.17413,160388.6737154
2025-06-10,03:30:00,4.17343,4.19744,4.16662,4.19696,211610.080073
2025-06-10,03:45:00,4.19696,4.20734,4.19202,4.2014,179530.549953
2025-06-10,04:00:00,4.1991,4.21891,4.19732,4.2025,243554.622708
2025-06-10,04:15:00,4.2024,4.21127,4.17245,4.17322,211254.245767
2025-06-10,04:30:00,4.17322,4.18616,4.171,4.17433,142071.029863
2025-06-10,04:45:00,4.17433,4.18579,4.1651,4.1709,171551.364828
2025-06-10,05:00:00,4.1708,4.18214,4.16922,4.17559,98669.645094
2025-06-10,05:15:00,4.17559,4.18007,4.149,4.15011,244252.969132
2025-06-10,05:30:00,4.15011,4.16029,4.1496,4.15495,210368.732605
2025-06-10,05:45:00,4.15661,4.15971,4.1423,4.14401,136661.8288902
2025-06-10,06:00:00,4.14401,4.15869,4.14401,4.15869,141122.564062
2025-06-10,06:15:00,4.15869,4.1619,4.1476,4.1548,126662.72772238
2025-06-10,06:30:00,4.1548,4.15712,4.1365,4.1365,117205.8159764
2025-06-10,06:45:00,4.1365,4.14313,4.1365,4.14084,102366.99133106
2025-06-10,07:00:00,4.14084,4.14466,4.12631,4.13731,129983.897865
2025-06-10,07:15:00,4.13611,4.15073,4.13611,4.14982,89899.069284
2025-06-10,07:30:00,4.15012,4.15558,4.12554,4.12964,191633.45739906
2025-06-10,07:45:00,4.12964,4.13264,4.1065,4.11301,190130.897322
2025-06-10,08:00:00,4.11507,4.12801,4.11017,4.1231,110286.659641
2025-06-10,08:15:00,4.1154,4.12087,4.0951,4.10118,137194.3137149
2025-06-10,08:30:00,4.10118,4.11777,4.09753,4.11022,137961.56929
2025-06-10,08:45:00,4.11022,4.13887,4.10942,4.12565,133051.362897
2025-06-10,09:00:00,4.12534,4.14098,4.12534,4.1391,96658.340275
2025-06-10,09:15:00,4.1396,4.1408,4.11519,4.11772,173220.69899308
2025-06-10,09:30:00,4.11481,4.13257,4.11481,4.13257,145346.960581
2025-06-10,09:45:00,4.13186,4.13956,4.11558,4.11699,246747.541497
2025-06-10,10:00:00,4.11699,4.12206,4.10733,4.11528,96145.852177
2025-06-10,10:15:00,4.11748,4.13529,4.11404,4.13308,123848.247055
2025-06-10,10:30:00,4.13178,4.13922,4.11822,4.12401,105385.720052
2025-06-10,10:45:00,4.12331,4.12581,4.10932,4.11222,131482.803991
2025-06-10,11:00:00,4.11222,4.12015,4.10855,4.11273,82617.1839827
2025-06-10,11:15:00,4.11273,4.118,4.10653,4.10991,171400.662879
2025-06-10,11:30:00,4.11121,4.13111,4.11121,4.12714,103335.803393
2025-06-10,11:45:00,4.12764,4.14732,4.12584,4.1412,189345.100513
2025-06-10,12:00:00,4.13923,4.1449,4.1306,4.1449,336938.40113
2025-06-10,12:15:00,4.1286,4.14643,4.1266,4.14293,149012.716378
2025-06-10,12:30:00,4.14353,4.14823,4.13408,4.13993,138883.320575
2025-06-10,12:45:00,4.13993,4.14671,4.11427,4.12597,338171.505191
2025-06-10,13:00:00,4.12597,4.12597,4.11203,4.12297,209069.551961
2025-06-10,13:15:00,4.12421,4.13308,4.11483,4.11542,241346.63251
2025-06-10,13:30:00,4.11532,4.17706,4.11442,4.16256,278083.8045088
2025-06-10,13:45:00,4.16256,4.23244,4.16256,4.23204,358733.379818
2025-06-10,14:00:00,4.23204,4.23957,4.20578,4.23389,376429.36111506
2025-06-10,14:15:00,4.23389,4.24907,4.2247,4.23108,322637.807578
2025-06-10,14:30:00,4.23078,4.26931,4.22177,4.2496,388015.0969837
2025-06-10,14:45:00,4.2496,4.26443,4.24565,4.2614,241706.16232
2025-06-10,15:00:00,4.26367,4.31062,4.26367,4.28663,693898.84974101
2025-06-10,15:15:00,4.28577,4.29801,4.2773,4.2834,314678.590339
2025-06-10,15:30:00,4.2834,4.29951,4.2834,4.28703,219035.052073
2025-06-10,15:45:00,4.28703,4.28883,4.23576,4.23619,325847.05681686
2025-06-10,16:00:00,4.23619,4.2527,4.21655,4.2527,231683.5718478
2025-06-10,16:15:00,4.23947,4.25998,4.23408,4.25998,111308.044655
2025-06-10,16:30:00,4.25868,4.26528,4.22976,4.22976,193025.36793104
2025-06-10,16:45:00,4.21855,4.23226,4.20516,4.20516,196174.512228
2025-06-10,17:00:00,4.20596,4.21927,4.19766,4.21805,80118.0904788
2025-06-10,17:15:00,4.21465,4.2498,4.20424,4.24689,114475.0926243
2025-06-10,17:30:00,4.2489,4.2583,4.24084,4.24619,129242.47598526
2025-06-10,17:45:00,4.24619,4.24619,4.19844,4.22864,127758.5718278
2025-06-10,18:00:00,4.22824,4.25057,4.22263,4.24154,131243.846142
2025-06-10,18:15:00,4.24114,4.28207,4.24114,4.28137,208800.908288
2025-06-10,18:30:00,4.27927,4.2853,4.24905,4.24995,137395.461085
2025-06-10,18:45:00,4.24995,4.27797,4.24995,4.25608,294858.226389
2025-06-10,19:00:00,4.25708,4.26148,4.24414,4.24515,105018.82306175
2025-06-10,19:15:00,4.24414,4.26576,4.23414,4.25705,296097.89857553
2025-06-10,19:30:00,4.26106,4.27339,4.25845,4.26278,123620.47305528
2025-06-10,19:45:00,4.26218,4.26839,4.24685,4.25485,115551.11375
2025-06-10,20:00:00,4.25395,4.26055,4.24074,4.24334,113255.64010373
2025-06-10,20:15:00,4.24244,4.25338,4.23354,4.23717,59673.692196
2025-06-10,20:30:00,4.24062,4.24314,4.23035,4.24087,85331.117513
2025-06-10,20:45:00,4.24057,4.25095,4.22936,4.23864,116000.70841521
2025-06-10,21:00:00,4.23994,4.29047,4.23914,4.27959,405388.7886773
2025-06-10,21:15:00,4.27959,4.29608,4.27777,4.29107,198572.907532
2025-06-10,21:30:00,4.29037,4.29508,4.27967,4.29207,127150.1853318
2025-06-10,21:45:00,4.29017,4.31666,4.2842,4.29097,209223.5920832
2025-06-10,22:00:00,4.29247,4.29407,4.25853,4.27664,154332.36744
2025-06-10,22:15:00,4.27674,4.27674,4.24382,4.24625,223235.5790347
2025-06-10,22:30:00,4.24625,4.25265,4.23572,4.24142,253958.883441
2025-06-10,22:45:00,4.24142,4.24952,4.23742,4.24572,269148.122085
2025-06-10,23:00:00,4.24572,4.25395,4.23932,4.25062,195558.335712
2025-06-10,23:15:00,4.25263,4.26726,4.24635,4.26428,184084.73037
2025-06-10,23:30:00,4.26428,4.27196,4.23522,4.24795,285235.392367
2025-06-10,23:45:00,4.24705,4.27404,4.24485,4.25523,247899.456051
2025-06-10,23:59:00,4.25523,4.26996,4.25523,4.25973,223857.110341
2025-06-11,00:15:00,4.25765,4.29455,4.25285,4.28504,215204.225234
2025-06-11,00:30:00,4.28504,4.30938,4.28354,4.29865,157739.071756
2025-06-11,00:45:00,4.29805,4.30885,4.29605,4.30348,121205.353248
2025-06-11,01:00:00,4.30348,4.30348,4.30305,4.30305,77015.640649
2025-06-11,01:15:00,4.30305,4.30348,4.30305,4.30348,76880.733243
2025-06-11,01:30:00,4.30348,4.30348,4.30305,4.30305,76802.613896
2025-06-11,01:45:00,4.30305,4.30348,4.30305,4.30305,49975.818693
2025-06-11,02:00:00,4.30305,4.30348,4.30305,4.30348,35431.8275857
2025-06-11,02:15:00,4.30348,4.30728,4.28407,4.30598,155833.668777
2025-06-11,02:30:00,4.30528,4.31406,4.29225,4.29898,225458.245626
2025-06-11,02:45:00,4.29788,4.30418,4.27867,4.27904,163086.919547
2025-06-11,03:00:00,4.27904,4.28937,4.26883,4.28937,56388.912729
2025-06-11,03:15:00,4.29057,4.29057,4.24172,4.24204,169355.97744402
2025-06-11,03:30:00,4.24164,4.25833,4.24164,4.25303,113629.8435429
2025-06-11,03:45:00,4.25263,4.25653,4.24632,4.24632,233513.205001
2025-06-11,04:00:00,4.24612,4.25765,4.24612,4.25215,82732.165025
2025-06-11,04:15:00,4.25172,4.26206,4.24715,4.26206,89378.436739
2025-06-11,04:30:00,4.26266,4.27226,4.24822,4.25102,149649.9948036
2025-06-11,04:45:00,4.25102,4.26116,4.24825,4.25705,99292.058315
2025-06-11,05:00:00,4.25805,4.26346,4.25032,4.25325,97418.72886
2025-06-11,05:15:00,4.25325,4.26563,4.24962,4.26563,114834.205449
2025-06-11,05:30:00,4.26563,4.27103,4.25753,4.26751,150083.969737
2025-06-11,05:45:00,4.27021,4.27143,4.26431,4.26923,250171.37884735
2025-06-11,06:00:00,4.26923,4.28208,4.26521,4.28208,171805.39878542
2025-06-11,06:15:00,4.27978,4.28078,4.26698,4.27225,87779.057319
2025-06-11,06:30:00,4.27145,4.27445,4.26035,4.27208,158202.193035
2025-06-11,06:45:00,4.26888,4.27678,4.26128,4.27588,266404.728826
2025-06-11,07:00:00,4.27618,4.27696,4.26168,4.27075,95987.0548651
2025-06-11,07:15:00,4.27075,4.27278,4.25488,4.25488,178611.58264826
2025-06-11,07:30:00,4.25535,4.26078,4.25185,4.25825,102583.6685946
2025-06-11,07:45:00,4.25988,4.27928,4.25988,4.26668,169078.99849227
2025-06-11,08:00:00,4.26608,4.27535,4.26515,4.27055,135715.943844
2025-06-11,08:15:00,4.27055,4.29526,4.27055,4.29236,175331.10196
2025-06-11,08:30:00,4.29236,4.29646,4.28016,4.29279,120224.9014296
2025-06-11,08:45:00,4.29469,4.30069,4.28256,4.29056,76263.30337
2025-06-11,09:00:00,4.29086,4.29276,4.27245,4.28569,127249.902397
2025-06-11,09:15:00,4.28569,4.30879,4.28386,4.29676,163090.271027
2025-06-11,09:30:00,4.29676,4.32346,4.29676,4.31399,423269.2465314
2025-06-11,09:45:00,4.31569,4.33527,4.31446,4.3319,291043.237393
2025-06-11,10:00:00,4.3327,4.33417,4.31349,4.31369,133278.404133
2025-06-11,10:15:00,4.31279,4.3281,4.30693,4.31803,170185.952826
2025-06-11,10:30:00,4.31873,4.32323,4.28593,4.28653,242405.4125904
2025-06-11,10:45:00,4.28653,4.29523,4.28288,4.28288,113860.498165
2025-06-11,11:00:00,4.28088,4.29369,4.27073,4.27868,129697.503384
2025-06-11,11:15:00,4.27868,4.29199,4.26493,4.26493,73764.959039
2025-06-11,11:30:00,4.27188,4.29189,4.26913,4.28503,115424.820158
2025-06-11,11:45:00,4.28953,4.29093,4.26363,4.26413,180433.922361
2025-06-11,12:00:00,4.26393,4.27068,4.24935,4.25045,174995.556004
2025-06-11,12:15:00,4.25245,4.25408,4.23605,4.24807,268871.736645
2025-06-11,12:30:00,4.24807,4.26055,4.24302,4.25042,106176.227684
2025-06-11,12:45:00,4.25318,4.26088,4.24432,4.25538,128975.804369
2025-06-11,13:00:00,4.25768,4.26248,4.24862,4.25998,107402.209389
2025-06-11,13:15:00,4.25798,4.26728,4.25223,4.25268,151303.242985
2025-06-11,13:30:00,4.25168,4.25888,4.22972,4.23047,227397.8081902
2025-06-11,13:45:00,4.23417,4.24817,4.21456,4.21456,338058.96094
2025-06-11,14:00:00,4.21957,4.22552,4.21276,4.22382,244282.033278
2025-06-11,14:15:00,4.22382,4.24382,4.22152,4.24382,161341.218766
2025-06-11,14:30:00,4.24572,4.25067,4.21382,4.21872,144997.503944
2025-06-11,14:45:00,4.21932,4.30829,4.21932,4.29879,422453.62511898
2025-06-11,15:00:00,4.29879,4.30779,4.27776,4.27776,232270.756788
2025-06-11,15:15:00,4.27535,4.30066,4.27015,4.28146,259372.676698
2025-06-11,15:30:00,4.28966,4.29606,4.27936,4.29269,166423.300159
2025-06-11,15:45:00,4.29269,4.29569,4.26315,4.28589,201831.911176
2025-06-11,16:00:00,4.28589,4.28859,4.26415,4.27888,153304.454974
2025-06-11,16:15:00,4.27888,4.28336,4.26955,4.28146,164487.698198
2025-06-11,16:30:00,4.28426,4.3338,4.28068,4.33337,194623.266721
2025-06-11,16:45:00,4.3365,4.3437,4.31149,4.31306,223225.526199
2025-06-11,17:00:00,4.31166,4.3256,4.31166,4.31326,254008.3990875
2025-06-11,17:15:00,4.31326,4.324,4.29669,4.29869,191169.9371604
2025-06-11,17:30:00,4.30016,4.31309,4.29126,4.30536,161194.75832164
2025-06-11,17:45:00,4.30296,4.342,4.29916,4.3386,544065.268539
2025-06-11,18:00:00,4.3386,4.34087,4.3259,4.34087,132237.490589
2025-06-11,18:15:00,4.3413,4.3413,4.30846,4.31206,179918.762575
2025-06-11,18:30:00,4.31206,4.32146,4.30689,4.31736,127470.755547
2025-06-11,18:45:00,4.31736,4.32937,4.31289,4.31966,113900.301796
2025-06-11,19:00:00,4.31966,4.3329,4.31429,4.32847,118931.9529442
2025-06-11,19:15:00,4.3289,4.3305,4.29526,4.30399,104942.193686
2025-06-11,19:30:00,4.30399,4.30399,4.28786,4.29759,90893.595725
2025-06-11,19:45:00,4.29929,4.31236,4.28348,4.29069,199061.499131
2025-06-11,20:00:00,4.29069,4.29679,4.25838,4.26378,161664.829259
2025-06-11,20:15:00,4.26378,4.26768,4.23455,4.25358,295152.426587
2025-06-11,20:30:00,4.25358,4.25358,4.22645,4.24907,194474.012596
2025-06-11,20:45:00,4.24857,4.25655,4.23135,4.25168,110503.696196
2025-06-11,21:00:00,4.25298,4.25898,4.24667,4.25398,116088.855833
2025-06-11,21:15:00,4.25398,4.25398,4.22134,4.22574,123676.800555
2025-06-11,21:30:00,4.22685,4.25693,4.22685,4.2529,699259.360393
2025-06-11,21:45:00,4.2529,4.26233,4.24162,4.25,496650.254429
2025-06-11,22:00:00,4.25,4.2523,4.23982,4.23982,143217.260112
2025-06-11,22:15:00,4.24392,4.24682,4.21108,4.21739,522313.33697429
2025-06-11,22:30:00,4.21739,4.25833,4.21689,4.25403,211235.8954919
2025-06-11,22:45:00,4.25343,4.25893,4.24892,4.2557,128670.639737
2025-06-11,23:00:00,4.2557,4.25933,4.24202,4.24202,173038.6930392
2025-06-11,23:15:00,4.24202,4.24882,4.23389,4.2438,148037.722034
2025-06-11,23:30:00,4.2498,4.26953,4.2498,4.25293,154931.9685
2025-06-11,23:45:00,4.25333,4.25583,4.18167,4.19538,393058.218217
2025-06-11,23:59:00,4.19528,4.2054,4.16878,4.17539,217674.863693
2025-06-12,00:15:00,4.17229,4.19128,4.15676,4.18724,235980.701984
2025-06-12,00:30:00,4.18664,4.19708,4.15106,4.15236,169447.2573158
2025-06-12,00:45:00,4.15836,4.16733,4.14743,4.14973,121607.376254
2025-06-12,01:00:00,4.14913,4.17227,4.14813,4.16907,77227.3452814
2025-06-12,01:15:00,4.16817,4.17805,4.16026,4.17685,76189.773011
2025-06-12,01:30:00,4.17585,4.18486,4.17275,4.18486,134325.980475
2025-06-12,01:45:00,4.18435,4.19538,4.17765,4.19538,151441.91431881
2025-06-12,02:00:00,4.19538,4.19748,4.19028,4.19238,84179.291045803
2025-06-12,02:15:00,4.19238,4.19558,4.17707,4.17715,79600.963933
2025-06-12,02:30:00,4.18015,4.20508,4.17615,4.20148,143707.466958
2025-06-12,02:45:00,4.20148,4.20198,4.15285,4.17645,162004.5875641
2025-06-12,03:00:00,4.17645,4.19428,4.16445,4.18737,129583.601867
2025-06-12,03:15:00,4.18617,4.18647,4.15726,4.17217,133280.083907
2025-06-12,03:30:00,4.17527,4.18047,4.15605,4.15605,115113.249448
2025-06-12,03:45:00,4.15985,4.17285,4.13784,4.16375,995415.956891
2025-06-12,04:00:00,4.16265,4.19016,4.16265,4.17965,427476.69549
2025-06-12,04:15:00,4.17965,4.20286,4.17965,4.20106,195919.371883
2025-06-12,04:30:00,4.20106,4.203,4.15928,4.16465,222877.034982
2025-06-12,04:45:00,4.16575,4.17098,4.15568,4.15568,94132.332318
2025-06-12,05:00:00,4.15335,4.17078,4.15335,4.16738,111839.454351
2025-06-12,05:15:00,4.16848,4.16898,4.15423,4.15933,108556.416074
2025-06-12,05:30:00,4.16223,4.16728,4.12756,4.13447,181057.44931952
2025-06-12,05:45:00,4.13523,4.15408,4.12703,4.14833,113153.866922
2025-06-12,06:00:00,4.14833,4.16278,4.14477,4.14847,217504.913107
2025-06-12,06:15:00,4.14777,4.14777,4.13543,4.14423,162223.0204838
2025-06-12,06:30:00,4.14547,4.14827,4.12863,4.13423,164307.06525937
2025-06-12,06:45:00,4.13423,4.14467,4.11912,4.11912,177452.997069
2025-06-12,07:00:00,4.11912,4.13643,4.11912,4.12873,131561.44643
2025-06-12,07:15:00,4.12713,4.13887,4.11112,4.11202,132190.551704
2025-06-12,07:30:00,4.11312,4.13567,4.11192,4.13467,149080.745327
2025-06-12,07:45:00,4.13467,4.14867,4.13133,4.14757,80741.903727
2025-06-12,08:00:00,4.15077,4.15077,4.12354,4.13076,59793.588447
2025-06-12,08:15:00,4.13076,4.13993,4.12342,4.12586,166146.24715145
2025-06-12,08:30:00,4.13146,4.13467,4.10332,4.10342,302255.952114
2025-06-12,08:45:00,4.10342,4.12112,4.10342,4.12112,160331.04233916
2025-06-12,09:00:00,4.12112,4.13203,4.11012,4.11284,121020.272803
2025-06-12,09:15:00,4.11284,4.11895,4.10632,4.10792,157295.695846
2025-06-12,09:30:00,4.10902,4.12255,4.09972,4.10114,158765.515293
2025-06-12,09:45:00,4.10114,4.10604,4.07763,4.08172,299442.289629
2025-06-12,10:00:00,4.08082,4.09283,4.07002,4.07002,359296.739669
2025-06-12,10:15:00,4.07002,4.07002,4.03601,4.05652,458872.035057
2025-06-12,10:30:00,4.05652,4.06082,4.03961,4.04002,390287.676264
2025-06-12,10:45:00,4.04002,4.06582,4.0126,4.06402,405948.001513
2025-06-12,11:00:00,4.06482,4.06492,4.04841,4.06072,218421.118011
2025-06-12,11:15:00,4.06292,4.07193,4.05105,4.05105,70866.596306
2025-06-12,11:30:00,4.05112,4.06162,4.04882,4.04982,38901.579829
2025-06-12,11:45:00,4.05172,4.08233,4.04651,4.08233,72587.234318
2025-06-12,12:00:00,4.08232,4.08253,4.07082,4.07672,67205.0886016
2025-06-12,12:15:00,4.07572,4.08412,4.06372,4.06522,49489.706306
2025-06-12,12:30:00,4.06892,4.06932,4.04831,4.05731,72095.143384
2025-06-12,12:45:00,4.05731,4.06082,4.04711,4.04761,75754.453233
2025-06-12,13:00:00,4.04761,4.06042,4.04371,4.04811,43779.685624
2025-06-12,13:15:00,4.04641,4.06231,4.03541,4.03821,72972.854121387
2025-06-12,13:30:00,4.04311,4.04851,4.02281,4.02491,62371.5723753
2025-06-12,13:45:00,4.02381,4.03171,4.0173,4.0232,88124.570369
2025-06-12,14:00:00,4.0213,4.03061,4.0159,4.02371,83459.306694
2025-06-12,14:15:00,4.02371,4.02731,4.0133,4.01601,85815.114662
2025-06-12,14:30:00,4.0102,4.02761,4.0091,4.02751,101564.8214716
2025-06-12,14:45:00,4.02731,4.07441,4.0246,4.07001,152624.291605
2025-06-12,15:00:00,4.07001,4.07491,4.05791,4.05931,101541.091175
2025-06-12,15:15:00,4.05841,4.09572,4.05841,4.09152,103537.871556
2025-06-12,15:30:00,4.08852,4.09482,4.07992,4.08032,123975.163829
2025-06-12,15:45:00,4.08222,4.09833,4.07251,4.09483,129595.1718829
2025-06-12,16:00:00,4.09483,4.09483,4.07311,4.08942,79684.713431877
2025-06-12,16:15:00,4.08732,4.10162,4.07321,4.09903,109939.09006157
2025-06-12,16:30:00,4.09983,4.10363,4.08973,4.09122,52560.313107
2025-06-12,16:45:00,4.09062,4.10554,4.08932,4.10104,53962.0590913
2025-06-12,17:00:00,4.10194,4.10472,4.09164,4.09804,58305.755833
2025-06-12,17:15:00,4.09804,4.10354,4.09053,4.09924,60377.847667
2025-06-12,17:30:00,4.09854,4.09914,4.05352,4.06022,69631.12097951
2025-06-12,17:45:00,4.05792,4.06973,4.05152,4.06763,52445.535676038
2025-06-12,18:00:00,4.06282,4.06903,4.0237,4.02841,119797.349064
2025-06-12,18:15:00,4.02821,4.04201,4.023,4.03841,69396.632561
2025-06-12,18:30:00,4.04031,4.06082,4.03621,4.05571,48457.584459
2025-06-12,18:45:00,4.05781,4.07313,4.05322,4.06513,98940.65593
2025-06-12,19:00:00,4.06362,4.06643,4.04941,4.05491,63838.215897495
2025-06-12,19:15:00,4.05491,4.07331,4.04812,4.06652,76675.840364
2025-06-12,19:30:00,4.06912,4.08322,4.06821,4.07612,47008.398352
2025-06-12,19:45:00,4.07612,4.09022,4.07451,4.09022,164434.683916
2025-06-12,20:00:00,4.09022,4.09683,4.08152,4.08852,99013.83821
2025-06-12,20:15:00,4.08432,4.08473,4.0584,4.0584,126732.22790785
2025-06-12,20:30:00,4.0597,4.07212,4.04411,4.04751,207460.948634
2025-06-12,20:45:00,4.04591,4.05812,4.03581,4.04921,84754.805945
2025-06-12,21:00:00,4.05081,4.05312,4.0231,4.03731,70964.460399686
2025-06-12,21:15:00,4.03901,4.04721,4.03351,4.04171,52942.628159
2025-06-12,21:30:00,4.04271,4.04831,4.03431,4.04201,44670.877351
2025-06-12,21:45:00,4.04341,4.04881,4.0163,4.017,199321.2986986
2025-06-12,22:00:00,4.0178,4.02461,3.97039,3.97569,240311.437984
2025-06-12,22:15:00,3.97639,3.9957,3.96779,3.97769,64380.550733
2025-06-12,22:30:00,3.986,3.9945,3.97319,3.9857,79702.248875
2025-06-12,22:45:00,3.9857,3.9922,3.95078,3.95078,231305.994042
2025-06-12,23:00:00,3.95078,3.95078,3.91006,3.93377,355242.2427881
2025-06-12,23:15:00,3.93437,3.95008,3.92827,3.94967,149016.50028
2025-06-12,23:30:00,3.94967,3.94967,3.94418,3.94828,23053
